FirstName,LastName,Address1,Address2,City,State,Zip
Lawerence,Hoppe,"Hand Mall","Kulas Mountains",Glennborough,Oklahoma,04366
Irvin,Price,"Miller Knolls","Keneth Trail","East Lizbeth","North Carolina",85443
Emerald,Glover,"Leta Ports","Modesto Lodge","West Elvinfurt",Maine,52434
Kevin,Erdman,"Hahn Haven","Eleonore Mall",Quitzonfort,Oklahoma,74174
Lacy,Kuhlman,"Pagac Meadows","Garfield Loaf","South Coletta",Massachusetts,33134
Dick,Schuppe,"Faith Plains","Kenna Port","New Gisela",Massachusetts,63866
Joaquina,Ullrich,"Gaylord Cove","Isabelle Isle",Brittnimouth,"New Hampshire",65243
Dorathy,Hilpert,"Kub Shores","Darrell Greens","Lake Hiltonchester",Nevada,25423
Mauricio,Keebler,"Herman Shores","Jeannette Park","South Jama",Kentucky,21641
Corina,Spencer,"Skiles Extensions","MacGyver Radial","West Shemeka",Pennsylvania,86546
Freddie,Ondricka,"Damien Shoals","Bert Key","West Lavera",Tennessee,41344
Marcelene,Klein,"Waters Estate","Lakin Knolls",Hoegerton,"New Jersey",15679
Micha,Mitchell,"Everette Stravenue","Howe Manor","West Gertrudisstad",Louisiana,54172
Lorine,Lemke,"Kihn Park","Burl Pines","West Chastitychester",Iowa,50427
Maynard,Nitzsche,"Bao Tunnel","Miquel Pines",Geraldland,Vermont,18563
Leonor,Klein,"Darrick Ford","Carroll Street",Larabury,Nebraska,74464
Lane,Gusikowski,"Parisian Rapid","Song Orchard",Reynoldsberg,"South Carolina",11258
Lizabeth,Harvey,"Louise Streets","Hilario Squares",Cassinhaven,"New Hampshire",77475
Laurette,Feil,"Howe Trail","Leif Pike",Palmerburgh,"North Dakota",14355
Sang,Leuschke,"Koelpin Extension","Dare Port",Julianneville,"New Mexico",41587
Maile,Harber,"Kerstin Fall","German Mills","Lake Chanel",Pennsylvania,64255
Darius,Littel,"Ja Dam","Josh Locks",Rippinmouth,Mississippi,53532
Malcolm,Kreiger,"Kiehn Light","Schimmel Parkways","Port Azucena","New Hampshire",63665
Emmett,Kunze,"Silas Manors","Norbert Lock",Jimside,Florida,74557
Delcie,Labadie,"Charlene Mews","Enriqueta Garden",Latriciafort,"New Hampshire",56421
Stuart,Price,"Jerde Meadows","Elois Forks","South Shante",Michigan,75057
Isabel,Howe,"Lacresha Hollow","Carter Mews","South Kendrick",Michigan,34937
Megan,Collier,"Prohaska Oval","Jeannine Trail","South Melville","North Carolina",77817
Lenita,Reinger,"Lakendra Path","Jast Route",Mauricemouth,Georgia,24214
Elise,Kuphal,"Nikolaus Meadows","Kuhic Harbor",Juniefort,Arkansas,42642
Maryln,Maggio,"Friesen Islands","Harry Islands","West Irmgard",Oregon,14475
Filomena,Keebler,"Edmundo Drive","Rickie Prairie",Arthurmouth,Michigan,62448
Phillip,Dickinson,"Funk Mills","Schmidt Point","Lake Karolebury",Oklahoma,13674
Jeannette,Kuhlman,"Junie Motorway","Domitila Fords",Michaelaburgh,Washington,34628
Frank,Mills,"Kevin Island","Pat Ridges","South Dorla",Iowa,85863
Mirta,Rohan,"Eldridge Shoal","Shirley Manor",Gaynellport,"North Carolina",74615
Lawanda,Lowe,"Jacobson Ford","Mueller Pass","Port Felecia",Maryland,35254
Dorsey,"O'Reilly","Kyle Park","Rice Drive",Robertostad,"New York",24245
Desire,Hahn,"Gregorio Knolls","Prohaska Pines","South Jolie",Hawaii,42271
Damian,Hoppe,"Leonel Fort","Miguelina Ports","West Herminemouth",Maryland,14633
Dortha,Morissette,"Rico Mission","Gleason Land",Joeyville,Massachusetts,82826
Mason,Mayer,"Katy Pines","Porfirio Prairie","West Thomasenaview",Pennsylvania,85467
Francoise,Schmidt,"Fay Glens","Malik Ranch","Lake Jordan",Maryland,76766
Kandis,Gleichner,"Sean Glens","Kemmer Forge",Heathcoteview,Montana,58762
Chance,Feest,"Garfield Corners","Tonia Mission",Runolfssonland,Delaware,76345
Jeff,Gusikowski,"Predovic Hollow","Pinkie Fort",Sengerborough,"New Hampshire",74556
Ned,Monahan,"Schroeder Ports","Dach Courts",Lucioberg,Montana,12556
Loren,Reinger,"Jay Ranch","Reichert Row","Port Chaseview",Maine,13662
Theresia,Koelpin,"Pfannerstill Road","Hong Parkways",Isaiasborough,Tennessee,56421
Elden,Rodriguez,"Crona Oval","Predovic Ford","South Mariela",Nevada,85262
Ellen,Rutherford,"Lesch Crossroad","Charles Falls",Donaldside,Wisconsin,40032
Eleonora,Hackett,"O'Connell Ports","Michael Isle",Kimberlimouth,Louisiana,24456
Chang,Boehm,"O'Hara Parkways","Madge Park",Haroldbury,California,25357
Julian,McDermott,"Delphine Islands","Kirsten Hollow",Billyside,Kansas,43368
Chris,McGlynn,"Brekke Plain","Fadel Prairie",Haroldstad,Massachusetts,76325
Reatha,Hickle,"Jacques Streets","Ettie Fords","East Jennistad","New Jersey",47526
Jesse,Kub,"Kshlerin Run","Maryann Fields",Marcellusfort,Minnesota,66645
Sid,Prohaska,"Jasper Parkway","Schmeler Meadow",Rustyfort,Montana,57574
Mitsue,Leuschke,"Ernest Inlet","Malcolm Rapid",Rooseveltbury,Texas,76235
Cleo,Lang,"Herb Fields","Milissa Flats",McCulloughmouth,"South Dakota",86767
Buck,Kertzmann,"Noe Hill","Mariano Fords",Lesleymouth,Tennessee,67595
Lawana,Hagenes,"Malik Port","Lorriane Loop","South Kathaleen",Louisiana,75918
Joan,Little,"Lyle Haven","Cortez Trafficway",Torphyborough,"New Jersey",65513
Modesto,Rippin,"Hermine Estate","Hilario Harbor","West Jamel","North Carolina",26746
Ty,Medhurst,"Elvin Field","Noel Drive","Lake Emery",Ohio,11195
Gerardo,Heaney,"Nicholas Pike","Klein Skyway","New Serena",Connecticut,43488
Grant,Luettgen,"Schmidt Mill","Hackett Lodge",Eddyview,"New Mexico",31742
Sheri,Gislason,"Nicolle Rest","Hyman Points",Rowechester,Florida,67617
Daryl,Olson,"Imogene Prairie","Ladonna Passage","South Philip",Minnesota,65574
Jerica,Hudson,"Ross Mill","Champlin Crest","South Merle",Minnesota,13740
Sal,Sipes,"Robel Meadows","Dusti Points","West Nick",Nebraska,53165
Herminia,McLaughlin,"Lucretia Lock","Dibbert Oval","Lake Maurabury",Massachusetts,35563
Carrol,Douglas,"Jaskolski Rue","Von Highway",Kertzmannville,Nevada,47771
Jarred,Dach,"Ryan Extension","Jerde Harbor","South Courtney",Hawaii,74333
Manual,Hagenes,"Darius Prairie","Kling Island","West Frankie",Tennessee,46166
Johna,Homenick,"Gutkowski Cliff","Florentino Pines","East Jerry","West Virginia",23456
Nicolas,Lakin,"Carlita Place","Johnnie Greens","North Dawn",Minnesota,78856
Mike,Goldner,"Paucek Ports","Otha Park","Lake Stephanie","New Jersey",54315
Inge,Leannon,"Nannie Mountain","Johnson Port","South Davis",Tennessee,16765
Brock,McCullough,"Marks Hills","Maxwell Heights","Lake Josue",Ohio,81341
Madalene,Nader,"Steve Overpass","Jesica Falls",Edgarport,Maryland,23392
Jamey,Effertz,"Schiller Mountain","Marilu Pine",Greenchester,Nebraska,75845
Erin,Schoen,"Irwin Orchard","Ondricka Glens","West Rickey",Oregon,53047
Doretta,Konopelski,"Charlie Flat","Koelpin Street",Quintonborough,Nevada,74724
Marine,Ferry,"McClure Pass","Lenny Mill",Johnsonstad,Iowa,53145
Lore,Kreiger,"Kemmer Islands","Morar Isle",Jalisaburgh,Massachusetts,26673
Weldon,Emard,"McDermott Knolls","Schamberger Gateway","South Easter",Georgia,66360
Mariano,Quigley,"Mayert Estate","Humberto Dale",Mayertberg,Kansas,46155
Stevie,Jerde,"Fahey Key","Hilpert Lake",Langworthchester,Iowa,71404
Melvin,King,"Ledner Lane","Reilly Gateway","South Mohammed",Tennessee,71421
Micah,Roob,"Katheleen Neck","Golda Light","Port Mardell",Missouri,86447
Denny,Kilback,"Harvey Circles","Don Field",Peggymouth,"North Carolina",22614
Stephanie,Kozey,"Ernser Falls","Elden Park",Rockyfurt,"North Dakota",13525
Francisco,Jacobson,"Damon Row","Herman Forges","South Jeanieport",Oregon,54523
Jed,Boyle,"Delma Garden","Rina Ferry",Evanstad,Maryland,61853
Janiece,Frami,"Mayer Forges","Drema Crest",Nikolauschester,Ohio,64272
Carmelina,Greenfelder,"Gleichner Fork","Etsuko Haven",Karriborough,"Rhode Island",53328
Therese,Lakin,"Rutherford Station","Minh Skyway",Heidenreichmouth,Louisiana,33647
Estella,Klein,"Kub Rest","Evelina Motorway","West Helga",Ohio,34468
Man,Hyatt,"Fredric Manors","Jacalyn Harbors","West Juliette",Maryland,52777
Renaldo,Douglas,"Lemke Orchard","Griselda Hill",Millsbury,California,82434
Jarod,Quigley,"Hayes Parkway","Murphy Fort",Kentonstad,Hawaii,34738
Malia,"O'Conner","Otto Inlet","Ronald Mill",Jacobiland,Missouri,71645
Keila,Goyette,"Jarrod Parkways","Keneth Trail","Port Laurice",Connecticut,34333
Garry,Frami,"Jenkins Extension","Pfannerstill Spring","East Lucienport",Montana,37323
Sage,Huels,"Rolfson Grove","Lavonia Haven","West Antonia",Ohio,65543
Hilma,Stracke,"Edwin Fords","Jeni Extension",Bretttown,Maryland,64358
Dorian,Streich,"Levi Spur","Joshua Prairie",Marcellusborough,"New Hampshire",13162
Hannelore,Skiles,"Herzog Expressway","Lili Harbors",Kristoferport,"Rhode Island",35023
Genny,Koss,"Hettinger Gateway","Reynolds Harbor","North Oralia","New Mexico",43222
Cruz,McGlynn,"Violette Squares","Dwayne Fork",Steuberton,Louisiana,54228
Fabiola,Parisian,"O'Conner Glens","Hermiston Hill","West Jeni","New Hampshire",83224
Florentina,Jast,"Kris Squares","Henrietta Underpass","East Russell","South Dakota",23404
Deshawn,Hammes,"Funk Vista","Keebler Parks",Rennerside,Maryland,88674
Darrel,Mertz,"Eusebio Row","Kenyetta Rapids","New Lindsey",Michigan,28327
Jettie,Hackett,"Ena Streets","Maryellen Ports","South Quiana",Ohio,44834
Matt,Hand,"Blanda Crescent","Koepp Creek",Natoshabury,Mississippi,24244
Franklyn,Stoltenberg,"Lakin Estates","Lorelei Pines","New Sanjuanafort","Rhode Island",25128
Mary,Sporer,"Ryan Skyway","Chia Plain",Hilpertberg,Nebraska,76157
Brady,Maggio,"Pacocha Dam","Nikolaus Unions","West Carlee","New Hampshire",56423
Dani,Sanford,"Pagac Grove","Morar Square","Lake Carolynnview",Hawaii,68135
Mara,Lynch,"Huels Green","Dietrich Fort","New Ileenfort","New Hampshire",32922
Napoleon,Stark,"Ivonne Points","Darnell Parkway","East Valentinmouth","New Jersey",24503
Un,Cummings,"Leola Tunnel","Schowalter Road","East Loriann",Michigan,31224
Roselyn,Kris,"Errol Isle","Collin Place","South Lisandra",Mississippi,83254
Tamala,Stroman,"Huels Points","Luisa Estate",Drewport,Idaho,36532
Darron,Stoltenberg,"Olson Plains","Linwood Plaza","West Dominick",Iowa,76336
Isidro,King,"Goyette Spring","Sipes Knolls","West Letisha",Idaho,56562
Chi,Runte,"Mai Gateway","Corine Mountains","West Leif",Missouri,54258
Heath,Lemke,"Miguel Station","Lashandra Manors",Raubury,"South Carolina",54127
Lucila,Rolfson,"Enid Forks","Carlee Rue",Renayview,Arizona,77644
Everett,"O'Connell","Metz Hill","Russel Mill",Clintborough,Idaho,25844
Micheal,Kerluke,"Davis Shoals","Murray Harbors",Gregoriafurt,Nebraska,57456
Clarence,Funk,"Schmidt Radial","Francoise Gardens","South Louis",Mississippi,74188
Jamal,Reichert,"Rutherford Curve","Mayert Square",Coltonborough,Kansas,75146
Rocky,Johns,"Beula Crescent","Jacobi Inlet","New Keira",Kansas,36464
Shayne,Ledner,"Gwenda Hollow","Heller Ranch","West Loyd",Maine,26427
Fletcher,Vandervort,"Jeromy Oval","Kisha Fall",Celinechester,Washington,74356
Lang,Grant,"Forrest Motorway","Romaguera Streets",Leesamouth,Maryland,53352
Leigh,Dicki,"O'Conner Plains","Isabell Field",Traceyport,"New Jersey",52315
Juliana,Kautzer,"Kelley Parks","Lincoln Streets",Hoytfurt,Maine,71548
Karleen,Larkin,"Graham Loop","Jenkins Row","East Brigid",Iowa,24256
Sandy,Hickle,"Merrie Mews","Franklyn Neck","West Jeanmouth",Michigan,28567
Mable,Volkman,"Jame Estate","Ramiro Turnpike","West Heike",Louisiana,70464
Kesha,Gislason,"Russel Lock","Rosita Spurs","Port Ike",Oklahoma,46544
Nguyet,Reichel,"Eleanore Trace","Charlene Shore",Lynchbury,Oregon,34776
Clint,Murphy,"Jarrod Mall","Lowell Orchard","Lake Dortha",Maryland,36453
Jeanett,Krajcik,"Hoeger Manor","Connelly Forest",Luettgenmouth,Nebraska,57327
Leana,Lehner,"Leon Springs","Emard Road",Oleviaview,Tennessee,33333
Leroy,Rowe,"Rolando Orchard","Kristian Groves","South Santinafort",Iowa,34646
Brad,Leffler,"Schoen Motorway","Marguerite Loaf","South Lashaunda","New Jersey",53376
Latanya,Robel,"Mraz Place","Howell Ferry","West Remedios",Delaware,37682
Del,Gusikowski,"Rempel Springs","Margeret Path",Feltonberg,Idaho,24963
Gregg,Keeling,"Stanton Park","Fritz Mills","West Princess",Louisiana,61353
Pete,McKenzie,"Monahan Pine","Lind Highway",Emmerichhaven,Oregon,62798
Erik,Mitchell,"Jones Path","Murray Gardens",Cyrusside,"New Mexico",62257
Patrina,Roberts,"Kunde Haven","Gorczany Mills","West Isabelport","New York",12413
Marietta,Pfeffer,"Kling Road","Fritsch Inlet",Elissastad,Iowa,61324
Edwardo,Mertz,"Shawnee Knoll","Eugenio Mountain","West Ernest",Pennsylvania,62332
Lavette,Hahn,"Ryan Landing","Pagac Pines","New Hiram",Louisiana,72546
Merrill,Conroy,"Patsy Mall","Jae Fort","West Judsonberg",Washington,81324
Cletus,Stokes,"Marks Shoal","Deandre Landing","Lake Felicidadbury",Mississippi,26473
Carter,Hartmann,"Franecki Prairie","Kermit River","New Kenia",Mississippi,43571
Enoch,Goldner,"Miquel Lights","Kiehn Ridge",Ernestofurt,Minnesota,11217
Theo,Rau,"Little Grove","Larkin Row",Juanside,Nevada,52354
Samuel,Kassulke,"Graham Junctions","Marshall Forks","New Carlottaport",Texas,64625
Dante,Gleason,"Feeney Curve","Santana Greens","South Shannon",Virginia,72515
Margo,Kautzer,"Leonila Freeway","Iona Loaf",Gottliebmouth,Louisiana,67313
Eda,Hagenes,"Horacio Inlet","Geraldo Drives",Schmelerberg,Missouri,54586
Duncan,Lang,"Reichert Points","Grimes Mission","West Geraldo","New Mexico",86547
Erick,Gerlach,"Leuschke Locks","Michal Springs",Garrettborough,Nebraska,35143
Kermit,Kessler,"Langosh Mission","Keena Gardens",Cristbury,Oregon,56364
Justin,Parker,"Les Fall","Leuschke Fork","East Orvilleborough",Mississippi,54363
Ming,Mann,"Koelpin Island","Shaun Gateway","South Kristina","South Dakota",16344
Eusebio,Rutherford,"Kertzmann Run","Heaney Parks","New Gregory",Georgia,74758
Holli,Halvorson,"Lou Mount","O'Reilly Heights",Kristoferchester,Indiana,67525
Emilie,Feest,"Valarie Parkway","Nettie Key","West Janberg",Iowa,27487
Denita,Kutch,"Marylynn Neck","Modesto Heights",Divinaland,"New Jersey",11245
Marcell,Hettinger,"Signe Knoll","Natalie Plaza",Danamouth,"New Jersey",12436
Pansy,Cummings,"Kris Isle","Larkin Streets",Chingburgh,Illinois,18363
Harlan,Roberts,"Kshlerin Forges","Dudley Roads",Gibsonville,"North Carolina",95445
Johnny,Murphy,"Delmer Locks","Min Land","West Naomi",Massachusetts,36367
Kourtney,Howell,"Senger Fords","O'Conner Loaf",Kellichester,Ohio,57185
Maegan,Kertzmann,"Kertzmann Isle","Cornelius Path","East Gordon",Connecticut,25873
Johnathan,Heaney,"Gutkowski Lock","Ethel Run","New Kandy","New Hampshire",45654
Rosenda,Morissette,"Darryl Lane","Farrell Knolls",Renaechester,Oregon,44474
Kenyetta,Leffler,"Kerry Crest","Isadora Drive","East Louettaport",Indiana,43622
Annelle,Larson,"Gloria Tunnel","Kirby Roads",Sabinemouth,"New Mexico",54625
Stefan,Hane,"Marvin Road","Kathlyn Loop",Harrisonhaven,Connecticut,13774
Huey,Kunde,"Rogahn Place","Phung Prairie",Gaylordfurt,Montana,44474
Randolph,Mosciski,"Clifton Ford","Matilde Manor","New Lazaro",Indiana,37555
January,Pfannerstill,"Denice Prairie","Rosana Parkway",Howellview,"South Carolina",67473
Aundrea,Rippin,"Farrell Ramp","Hegmann Knoll",Johnnyberg,Delaware,74773
Bradly,Daugherty,"Prohaska Forges","Klein Lane","North Ernestbury",Utah,61842
Tatum,Nicolas,"Goodwin Spring","Kirlin Squares",Guadalupeview,Iowa,52668
Chasity,Moen,"Mckinley Glen","Brandee Knolls",Maryettafurt,"Rhode Island",13267
Dalene,Daugherty,"Luettgen Mission","Murphy Haven",Raumouth,Kansas,18435
Heather,Mann,"Kelvin Garden","Merna Meadow",Edmundofurt,California,36247
Dan,Turner,"Lindgren Harbors","McCullough Mount",Deneseberg,Mississippi,66663
Awilda,Haley,"Murphy Shoals","Larson Gateway",Brianchester,Vermont,46654
Mikki,Ondricka,"Vandervort Mountains","Jin Inlet","New Myesha","New Mexico",55425
Joyce,DuBuque,"Kilback Track","Loyd Locks","New Lottiemouth",Montana,45544
Kristen,Littel,"Cormier Parks","Muller Loaf",Kenfort,Kentucky,74352
Dessie,Little,"Marks Key","Steuber Motorway",Jakubowskiport,"New Hampshire",13241
Galen,Lesch,"Huels Route","Hamill Hollow",Rempelberg,"New Hampshire",34357
Jalisa,Wisoky,"Douglass Road","Jonathan Plaza","East Markus",Minnesota,54001
Judson,Frami,"Arlie Meadows","Mauro Lock",Hughland,Nebraska,73272
Darby,Marquardt,"Connelly Heights","Ernest Path",Kozeyport,"New Hampshire",22564
Jae,Shanahan,"Gerry Station","Hills Park",Elsyview,"North Carolina",73276
Cleveland,Howe,"Hunter Heights","Feeney Lakes","East Boyce","New York",27876
Dannie,Pfeffer,"Rippin Mountains","Maxwell Dam","South Gwen",Kansas,64192
Kaitlyn,McKenzie,"Jeannine Light","Oberbrunner Rapids","West Lynn",Colorado,73726
Hye,Rau,"Jaqueline Harbors","Lakin Coves",Lavetteburgh,Oklahoma,74625
Randell,Rempel,"Sharell Field","Sherrie Dam","Lake Erasmo","Rhode Island",13112
Darwin,Klocko,"Harber Oval","Prosacco Prairie","South Elmer",Ohio,53964
Hollis,Stracke,"Michale Place","Kautzer Rapid",Johnbury,Connecticut,47888
Filiberto,Kovacek,"Euna Mountains","Reggie Light","South Everette","New Mexico",06383
Lino,Kub,"Predovic Run","Schuppe Meadow","New Leandro",Missouri,38645
Renetta,Krajcik,"Price Street","Hackett Mission",Nelsonborough,Texas,53798
Merissa,Howe,"Drucilla Stream","Cummerata Ports","Port Samual",Pennsylvania,43614
Diamond,Kautzer,"Kiehn Isle","Russel Track",Renaburgh,Louisiana,28626
Harland,Bradtke,"Jenell Locks","Jed Mountains",Sammyfurt,"Rhode Island",78252
Errol,Kertzmann,"Jettie Plains","Michaela Orchard","South Hortensiaberg",Michigan,15825
Gerald,Johnston,"Ebert Keys","Mosciski Street","East Latashia",Michigan,93457
Harley,Hegmann,"Simonis Mission","Jones Shore",Maryamfurt,Nevada,41524
Steve,Purdy,"Schmeler Parkway","Marvin Fork","East Les",Michigan,25252
Joseph,Gottlieb,"Schaefer Plains","Hye Plains","South Gilberto",Texas,22546
Marisha,Harvey,"Larson Lakes","Fadel Groves",Randolphmouth,Massachusetts,65447
Judy,Goldner,"Gislason Gardens","Rempel Plaza","South Johnson",Maine,65734
Renae,Bradtke,"Graham Parks","Leannon Lodge","Lake Chad",Ohio,65777
Devon,Lubowitz,"Kris Fork","Oliver Meadow",Kristopherfurt,"New Mexico",36622
Marion,Sawayn,"King Tunnel","Kreiger Manors",Kayleenmouth,Maryland,63437
Joi,Marks,"Kub Plains","Jack Hollow","East Eusebiobury","North Dakota",15626
Laila,Hansen,"Ronald Ports","Mariah Fort","South Larhonda",Minnesota,33242
Layla,Fisher,"Lowe Extensions","Jakubowski Lane","Lake Krysten",Iowa,54723
Marget,Ortiz,"Dach Landing","Muoi Hill",Tijuanaview,Kentucky,51626
Patti,Murphy,"Miller Course","Smith Rapids",Loweport,Florida,75343
Eladia,Huels,"Edward Fork","Ignacia Lake",Gutmannville,Minnesota,18345
Gilbert,Rogahn,"Kreiger Mill","Latosha Mountain",Corlissport,Louisiana,25462
Marcellus,Lueilwitz,"Maggio Row","Torphy Meadow","East Ignacio",Oklahoma,66724
Nelia,Schultz,"Derrick Plaza","Korey Green",Handborough,Missouri,48528
Bernie,Ratke,"Mitchell Dam","Miller Hollow","Lake Luciobury",Maryland,82284
Jayson,Lubowitz,"Haley Square","Rick Road","New Jenine",Kentucky,33735
Dillon,Marquardt,"Mitchell Fields","Leland Oval",Jerdemouth,Maryland,76234
Parker,Johnston,"Lind Place","McLaughlin Prairie",Kurtbury,Louisiana,36156
Eleanor,"O'Conner","Devorah Shoal","Francis Squares",Lindsayland,"New Jersey",86231
Eliseo,Hagenes,"Lueilwitz Lakes","Omar Square","West Dion","North Carolina",78557
Dwayne,Jacobs,"Carolin Trail","Leannon Hill",Heathcotebury,Massachusetts,12135
Kim,Hagenes,"Hickle Motorway","Ruecker Meadows",Maxview,Michigan,82661
Robbin,Hartmann,"Hoeger Knoll","Sauer Manors",Kovacekstad,Louisiana,25523
Jeri,Gislason,"Mohr Shore","Isaac Pines","South Kyle","New Mexico",56372
Lora,Hilpert,"Hayes Island","Waelchi Greens","South Harris",Texas,14041
Lue,Ernser,"Tillman Ramp","Fermina Haven","Lake Ruthannestad",Mississippi,51556
Breanne,Hills,"Kayla Mill","Ginger Loop","South Melodi","North Dakota",67433
Rutha,Haley,"Jaskolski Garden","Greenholt Glen","North Lindsay",Kansas,32845
Kenna,Feil,"Reynolds Mews","Cherri Plaza",Ratkeborough,"New Mexico",45432
Lorenza,Gulgowski,"Prosacco Divide","Gregg Loop",Dwaynebury,Utah,08468
Elsy,Farrell,"Keebler Road","Genaro Key","South Brendan",Mississippi,85164
Nieves,Kuhlman,"Richie Island","Lakin Loaf",Khalilahmouth,Illinois,15374
Evan,Schamberger,"Misti Pines","Grant Mews","West Florenciofurt","New Mexico",75632
Londa,Marquardt,"Genie Hills","Orn Summit","New Mona",Colorado,86347
Kiley,Rutherford,"Karena Shore","Koepp Estates",Jessiaborough,Montana,64282
Gene,Ondricka,"Joselyn Fords","Hansen Islands","East Sibyl","Rhode Island",46226
Kennith,Hagenes,"Klocko Orchard","Lon Plaza",Sharondaborough,Idaho,22542
Malisa,"O'Kon","Donnelly Mount","Hyatt Roads",Rudolphborough,Florida,57854
Maxima,Considine,"Earnest Mills","Ondricka Course",Volkmanport,"Rhode Island",71275
Jaimee,Stehr,"Marcella Pines","Dickinson Manors","New Julio","New Hampshire",47655
Esteban,Luettgen,"McLaughlin Fords","Cedric Estates","South Maxwell",Nevada,46724
Taisha,Mayer,"Kohler Mission","Green Prairie",Karinefurt,Nevada,82654
Brenton,Mraz,"Miller Pines","Toy Ports","New Eliasburgh",Illinois,63836
Jacinto,Hill,"Rosy Landing","Diego Mountain","South Clint","New Mexico",66723
Perry,Lynch,"Janina Road","Lanita Divide",Marcelinofurt,"New Mexico",77334
Jin,Greenfelder,"Doyle Key","Kathryn Junctions",Lloydborough,Massachusetts,64244
Roy,Oberbrunner,"Keeling Mountain","Nelson Point",Mitchellmouth,"New York",27951
Deandre,Schmitt,"Hermelinda Haven","Joanna Loop","Port Lurleneborough",Kentucky,72337
Chet,Klein,"Howe Gateway","Lubowitz Place",Kossmouth,Ohio,22872
Paul,Mitchell,"Metz Neck","Willodean Station","South Marcel","Rhode Island",24144
Jadwiga,Hill,"Jaqueline Ridges","Littel Plaza",Gregoriomouth,Missouri,47324
Lashell,Marquardt,"Chang Lock","Price Plains",Gaylordstad,Missouri,35277
Jorge,Kling,"Rolfson Ridges","Breana Lodge","South Manual",Delaware,48413
Patrice,Prohaska,"Kristy Orchard","O'Hara Gateway",Johnstonfurt,Pennsylvania,71245
Mellissa,Larson,"Rochel Ports","Hettinger Locks",Janicechester,Louisiana,46959
Rosalina,Heaney,"Kenneth Parkways","Jillian Plains","South Sal",Maine,32486
John,McLaughlin,"Hirthe Motorway","Ortiz Extension","South Shirley",Nevada,14115
Regena,Kreiger,"McCullough Port","Myriam Orchard","New Miki",Oregon,46285
Margarite,Parisian,"Mante Plaza","Nitzsche Loop",Conroyfort,Illinois,48556
Mandi,Murray,"Leonel Island","Hahn Port",Kundeside,Virginia,37707
Jessi,Von,"O'Reilly Station","Karmen Motorway","West Celestinemouth","New Jersey",32126
Bobbie,Jacobi,"Gleichner Plaza","Kristyn Island","West Rey",Kansas,27876
Gustavo,Crist,"Dong Plaza","Bradtke Terrace","New Monika",Iowa,48137
Eugenio,Kuphal,"Gwenda Landing","Rowe Ridges","South Renee",Iowa,58562
Evangeline,Fisher,"Latisha Rapids","Courtney Rest","O'Haraport",Nevada,25434
Janey,Jenkins,"Landon Green","Hudson Shore",Jerdechester,Tennessee,55473
Rogelio,Cassin,"McGlynn Lane","Lavera Ramp",Frankstad,Connecticut,73434
Enda,Senger,"Nyla Flat","Irene Plaza",Cherishfort,"New Jersey",68673
Hortense,Murazik,"Tillman Canyon","Kreiger Oval","East Granvillestad",Nevada,56534
Leisa,Donnelly,"Koelpin Mountains","Norbert Springs",Mohammedbury,Illinois,68612
Milford,McDermott,"Ferry Vista","Koelpin Route","South Hai",Georgia,87235
Edwin,Kessler,"Mervin Springs","Emmerich Island",Eldridgeport,Ohio,74467
Scotty,Jast,"Lakin Pine","Miller Rest","Lake Hisakomouth",Mississippi,13247
Jacquie,Donnelly,"Heathcote Crescent","Evia Hill",Joseview,"New Hampshire",15955
Elidia,Rodriguez,"Marie Manor","Dorotha Parkways",Dawnport,Georgia,73433
Latonia,Hayes,"Noe Lock","Darron Ports","West Garland",Illinois,36852
Colin,Kub,"Carlton Island","Lida Pike","South Erik",Indiana,45124
Refugio,Langworth,"Opal Meadow","Nitzsche Grove",Chuckbury,"New Mexico",73275
Ivan,Schowalter,"Patrina Gardens","Mante Glen",Dylanbury,"New Hampshire",58565
Hal,Rath,"Medhurst Ramp","Lorinda Greens","New Kristopherland",Montana,17644
Ronni,Klocko,"Kub Forges","Dickinson Port",Lacyberg,Minnesota,21137
Laverne,Howell,"O'Reilly Springs","Soo Pine",Isiahbury,"New Jersey",61475
Keith,Graham,"Dach Lodge","Legros Inlet",Cristieborough,Missouri,87224
Kory,Kris,"Sheridan Manor","Reanna Gardens",Joechester,"North Carolina",41337
Mack,Sauer,"Gibson Mill","Reynalda Place",Kayceemouth,Nebraska,14674
Jaye,Prosacco,"Ellyn Ridges","Karine Lodge","New Elden",Oklahoma,55464
Jonas,Lockman,"Kristeen Mews","Ratke Mountain","Lake Joiemouth",Montana,83356
Rickie,Morissette,"Koepp Place","Lamar Locks","North Palmira",Maryland,34377
Elly,Schuster,"Garth Parkways","Douglas Meadow",Dustyport,"South Dakota",28831
Debrah,Carter,"Sterling Tunnel","Daniel Point","East Manuel","New Jersey",46681
Karly,Reichert,"Lehner Mount","Kovacek Stream","East Judehaven",Iowa,67565
Collin,Kovacek,"Lashell Meadow","Osvaldo Lights",Lesiabury,"North Carolina",75236
Denyse,Friesen,"Schmidt Crossroad","Carry Tunnel","South Mirta",Michigan,38655
Ike,Huel,"Marvin Rapids","Mitch Forge",Prohaskamouth,Illinois,64764
Emil,Halvorson,"Gaylord Island","Lavona Divide",Rippinfurt,Utah,67328
Marlin,Hansen,"Minh Route","Pacocha Overpass","West Emmyville",Maryland,11246
Jack,Crona,"Streich Landing","Diego Park",Kaiberg,Texas,23554
Junior,McGlynn,"Jacqueline Port","Jess Route",Peiside,Mississippi,82546
Lemuel,Hills,"Homenick Trafficway","Schuppe Mountains","Lake Jackbury","North Dakota",45776
Lakeshia,Graham,"Miller Curve","Hodkiewicz Key",Konopelskiview,Maryland,47965
Latricia,Rippin,"Isaiah Ridge","Jolynn Oval","West Laurie",Hawaii,51745
Latoya,MacGyver,"Leonida Prairie","Charlene Shore","New Sherika",Minnesota,86417
Jerold,Macejkovic,"Hal Drives","Kassandra Key","Port Gene",Texas,82252
Jocelyn,Jenkins,"MacGyver Island","Gusikowski Manors","South Bruceport",Montana,57364
Derick,Olson,"Oberbrunner Plains","Harris Ridge","South Enriquetaland",Nebraska,86681
Hung,Gerhold,"Pollich Motorway","Damian Pike","West Clevelandstad",Illinois,73235
Inga,Stokes,"Padberg Orchard","Rosalie Ranch",Keeblerland,Michigan,58443
Ethan,Jaskolski,"Moore Meadow","Murray Ports",Benniehaven,"New Jersey",22413
Jerry,Paucek,"Kelvin Mountains","Miles Flat",Leonilafurt,Indiana,55516
Lenore,Gleichner,"Heathcote Row","Kohler Plaza",Faheyport,Tennessee,28765
Lavone,Hayes,"O'Keefe Hollow","Mayola Key","New Evonne","New York",16533
Chrystal,Moore,"Gorczany Stravenue","Herman Fort",Joaquinland,Ohio,64777
Shenna,Gleichner,"Miquel Glens","Ledner Ports",Morganstad,Massachusetts,76357
Jeremiah,Douglas,"Normand Knoll","Schaefer Skyway",Rickimouth,Tennessee,56636
Elwanda,Kutch,"Gulgowski Trace","Gladis Pines",Hymanburgh,"New Jersey",27088
Cristopher,Rohan,"O'Conner Mountain","MacGyver Loaf",Harrisfort,Illinois,72262
Maximo,Brakus,"Fay Street","Jung Skyway","West Lyman","New Hampshire",35324
Louanne,Kunde,"Ebonie Pass","Nada Inlet","Lake Genna",Massachusetts,65667
Fred,Sipes,"Jeni Extension","Jean Meadows","East Racheal",Maryland,63755
Blake,Kuhn,"Jonathan Trafficway","Erin Springs",Jillianfurt,Nevada,55132
Owen,Moen,"Gilma Neck","Kristen Locks",Velvetstad,"New Hampshire",53247
Dominique,Rohan,"Rath Groves","Greta Route","South Kenda",Idaho,24325
Chu,Okuneva,"Tarah Meadow","Hettinger Parks","West Rodney","New Mexico",37556
Lindsey,Shanahan,"Megan Tunnel","Renetta Mill","South Byron",Michigan,53436
Lakiesha,Swaniawski,"Inga Station","Emelina Overpass","East Dominica",Indiana,16663
Delila,Lowe,"Noe Lane","Robyn Island",Latoshaburgh,Arkansas,51194
Seymour,Kuphal,"King Knoll","Jast Light",Genniestad,"Rhode Island",13352
Judie,Olson,"MacGyver Light","Botsford Pine",Caseyview,Michigan,34072
Laurie,Marquardt,"Marcelino Locks","Samual Fords",Dustinborough,Nebraska,55543
Lynetta,Doyle,"Reynolds Mission","Grady Islands","West Graig",Iowa,32766
Maida,Grady,"Jacobs Ramp","Jackson Lake",Durganmouth,Montana,64323
Luis,Renner,"Mayer Place","Dickinson Harbor",Deloreschester,Massachusetts,13473
Lance,Farrell,"Kling Gateway","Le Trail","West Donaldfort",Massachusetts,13651
Emerson,Hirthe,"Hartmann Garden","Hipolito Rue",Laurineland,Colorado,45735
Gidget,Runolfsdottir,"Gidget Plaza","Douglas Plaza","West Kara",Washington,55721
Dusty,Haag,"Enoch Isle","Gulgowski Inlet",Millsmouth,Florida,35837
Dixie,Bahringer,"Herzog Spur","Hammes Spur","West Elvisfort","New Mexico",71338
Jessie,Runolfsdottir,"Johnny Place","Dare Keys","New Deirdremouth","South Carolina",78648
Patricia,Corwin,"Medhurst Loaf","Milan Mills","Port Elayneview","North Carolina",54552
Kristofer,Rolfson,"Dottie Knoll","Claude Stream","West Jacqualine",Ohio,73778
Macy,Heaney,"Pamelia Ferry","Kyung Drives","South Hertha","New Hampshire",63664
Roma,Kessler,"Keturah Meadows","Kasey Keys",Mauriceview,Nebraska,64681
Kera,Okuneva,"Reichert Rapids","Jeremy Skyway","East Salvatore",Texas,35227
Foster,Macejkovic,"Kihn Throughway","Clark Squares","East Jacelyn",Mississippi,38372
Casie,Fahey,"Emerson Run","O'Keefe Haven",Earlenebury,Michigan,26451
Raymon,Harvey,"Reichert Street","Hamill Skyway","South Hongport","New Mexico",41843
Lucien,Hand,"Rudy Locks","Marybeth Summit","South Florentino",Michigan,45311
Claudio,Keeling,"Jonathan Extension","Merlyn Lane",Kerenchester,Nevada,69522
Sonya,Larson,"Hugo Fort","Cicely Green",Mauriceview,Hawaii,43472
Mckenzie,Gerlach,"Michiko Locks","Glover Junction",Boylechester,Missouri,44661
Judith,Hackett,"Jacinto Locks","Dibbert Unions","Lake Onita","South Carolina",56524
Robin,Kris,"Rempel Squares","Jonell Road","New Kasi",Minnesota,42854
Gilda,Hodkiewicz,"Jacqui Skyway","Mante Mall",Reinamouth,Nevada,51834
Mose,Jast,"Roxane Mill","Pauline Motorway",Kendrickfurt,Georgia,12845
Darren,Hansen,"Claud Green","Oberbrunner Rapids",Jonnieview,Colorado,28658
Freeman,Mante,"Nicolas Trafficway","Jackqueline Plains","West Odell",Michigan,33434
Jamie,Little,"Maria Turnpike","Roxana Highway",Derrickfurt,Tennessee,55722
Brinda,Rohan,"Hegmann Prairie","Reichert Row",Mayertfurt,Montana,13746
Rosendo,Gleason,"Eli Ferry","Mckinley Mountain",Julesmouth,Nebraska,36872
Noble,Kuphal,"Colby Fords","Gutkowski Land",Deandrachester,"New Hampshire",53447
Hyman,Hauck,"Ginette Port","Luciano Street",Isisstad,"New Mexico",13575
Cheryll,"D'Amore","Loreta Inlet","Reyes Common",Janetview,"New Mexico",78131
Domingo,Murphy,"Gregg Gardens","Hagenes Fields","South Rufina",Iowa,54683
Mac,Hermann,"Garth Groves","Hahn Port",Nicolasmouth,Oklahoma,18537
Hue,Krajcik,"Kelle Falls","Homenick Loop","West Lesha",Nevada,44225
Elsie,Kunde,"Odis Mountain","Littel Mews",Sanfordstad,"North Carolina",42526
Carey,Herman,"Gutkowski Roads","Roob Square","New Francesco","North Dakota",18444
Pat,Sporer,"Felecia Parks","Esperanza Vista","South Mose",Massachusetts,47863
Hilton,Nienow,"Gusikowski Plains","Feeney Gardens","South Ginette",Kentucky,54318
Candyce,Ortiz,"Ethyl Square","Hermine Estates","South Emilio",Oregon,11637
Shon,Schroeder,"Raynor Park","Newton Knoll","New Eleonore",Pennsylvania,48344
Hayden,Jacobs,"Mitchell Square","Su Locks",Tillmanview,Montana,54235
Kaila,Lockman,"Funk Ramp","Mante Inlet",Hoppestad,Connecticut,47145
Hunter,Price,"Dare Shoal","Heidenreich Island",Dariusmouth,Connecticut,54244
Fanny,Fadel,"Priscilla Junction","Cole Point",Kyleview,Nebraska,12715
Cynthia,Schmitt,"Emmie Glen","Rice River",Ornborough,Pennsylvania,15657
Jonathon,Gleason,"Prohaska Garden","Ima Square","Lake Ira",Tennessee,22174
Gabriel,Kunze,"Santa Island","Sergio Spring","New Ruben",Missouri,14858
Richard,Smith,"Shanahan Motorway","Sterling Ford","Lake Gaylord",Kansas,33658
Lyle,Leffler,"Mayer Crossroad","Christiansen Plain","West Nola","New Hampshire",24843
Hee,Reinger,"Hintz Plain","Effertz Ranch","East Maryjo",Hawaii,26530
Emiko,Kozey,"Latasha Shore","McGlynn Forks",Marcelmouth,Kansas,63554
Lottie,Huels,"Elaina Key","Lamont Fall","New Nick",Indiana,42845
Nicolle,Hansen,"Kym Trail","Marquardt Mountains",Crooksport,Maine,53527
Lekisha,Hauck,"Runte Route","Price Lake",Josephmouth,Nebraska,93466
Marth,Little,"Kelvin Springs","Hector Springs",Dalefurt,Ohio,64523
Erich,Kshlerin,"Hintz Mill","King Skyway","North Karrimouth",Missouri,14932
Rebeca,Corwin,"Grady Summit","Norman Pike","West Jaclyn",Indiana,33575
Ricarda,Pfannerstill,"Lavonda Pike","Grant Fork",Nanciemouth,"New Mexico",65772
Sharell,Harber,"Donetta Dam","Hintz Knoll",Lelahland,Illinois,44483
Rayna,Pollich,"Paucek Grove","Moen Island",Kareemmouth,Ohio,56836
Jeanne,"D'Amore","Glenn Mall","Herman Centers",Merlinview,"Rhode Island",74622
Nova,Johnson,"Eduardo Flats","Emerson Mews","Lake Ken",Oregon,18676
Leota,Powlowski,"Hayes Keys","Emilee Point",Jamesside,Maryland,16616
Caridad,Ernser,"Jene Valley","Lupe Lock",Malcolmborough,Michigan,44635
Luther,Heller,"Jerrell Ranch","Lindgren Inlet",Mervinburgh,Kentucky,28387
Rudy,"O'Hara","Kris Mills","Senger Rue","West Quentinfort",Louisiana,64734
Lana,"D'Amore","Haag Mills","Streich Mall","New Jone",Kansas,64463
Rico,Grady,"Huels Shore","Damian Fall","South Gaye",Nebraska,32435
Shawn,Mills,"Jae Lane","Kristal Pike","Lake Soila",Montana,75723
Ignacio,Hickle,"Klein Island","Elden Pines",Lisetteport,Georgia,43672
Loraine,Emard,"Howe Prairie","Darci Spring","South Magali",Pennsylvania,73255
Mervin,"O'Conner","Diego Hill","Harland Prairie","Lake Nicola","South Carolina",87735
Neville,Miller,"Grady Expressway","Reichert Parks",Harleyfurt,Oregon,26858
Brian,Hirthe,"Jerde Springs","Merna Views","Lake Larae",Nebraska,32157
Cortez,Paucek,"Konopelski Grove","Lauren Landing","South Markusside","Rhode Island",04042
Lon,Howell,"Jakubowski Mount","Deckow Isle",Jacobsonborough,"Rhode Island",25648
Mikel,Russel,"Sabra Haven","Reynolds Land",Quigleyfurt,Oregon,54364
Ranee,Stoltenberg,"Harry Corners","Beier Route","South Charlie","New Hampshire",65227
Nolan,Orn,"Mauro Isle","Lind Curve","Lake Codyborough",Indiana,37777
Randy,Kemmer,"Luciano Motorway","Floyd Plain","New James",Maryland,31286
Efren,Hackett,"Kirlin Mills","Senger Oval",Lesleyborough,Montana,75462
Lesley,Jacobi,"Bergstrom Prairie","Korey Track",Coreyberg,Louisiana,63513
Mark,Roberts,"Glover Green","Leroy Heights","Lake Inchester",Mississippi,35242
Madonna,Maggio,"Powlowski Rapids","Lakin Freeway",Satterfieldchester,Iowa,56531
Magen,Durgan,"Ivan Islands","Greenfelder Station","West Timothy",Florida,17753
Eliz,Labadie,"King Trail","Langosh Garden","Lake Patrica","New Mexico",45644
Kristine,Braun,"Kip Manor","Rodriguez Gateway",Irafort,"New York",55066
Marketta,Goodwin,"Kimberlee Route","Hudson Point",Keshaport,Maryland,83364
Rob,Runolfsson,"Lind Mills","Berge Forest",Mitchfurt,Hawaii,45328
Catrice,Jacobson,"Corrie Extension","Renner Lights","New Ligiabury",Iowa,86143
Joanne,Larkin,"Makeda Drives","Mary Circles",Legrosville,"South Carolina",25733
Galina,Hamill,"Pearlie Center","Reichel Stravenue","North Nevillechester",Delaware,53126
Dennis,Swift,"Friesen Ports","Elliott Street","South Karenaborough","New Jersey",37331
Mitch,Dicki,"Neal Ports","Runte Summit",Jaskolskiport,"New York",72662
Gail,Prohaska,"Lind Isle","Kuhic Mews","New Lyleview",Illinois,66626
Clayton,Lang,"Hessel Park","Lakin Route",Mantemouth,Nebraska,59553
Len,Schumm,"Mante Road","Watsica Meadow",Sarinaborough,Louisiana,68414
Everette,Kemmer,"Colin Mission","Huey Rapids","East Isidrofurt",Montana,72412
Calvin,Kautzer,"Josefine Dam","Lauri Isle",Lawandahaven,"North Carolina",46424
Walker,Hessel,"Price Forges","Kristi Locks",Lavellefort,Louisiana,66657
Lorenzo,Purdy,"Kit Ramp","Reinger Meadow","South Garrett",Michigan,65344
Junita,Sanford,"Lebsack Court","Desmond Shores",Bruenport,Delaware,15551
Jacqualine,Howe,"Eric Street","Eunice Pass","East Leidafort",Michigan,23374
Neil,Kiehn,"Connie Mount","Magali Locks",Heideberg,Louisiana,54617
Sue,Kuvalis,"Jordan Trail","Schuster Overpass","Port Ozzie","New Mexico",24728
Mohammad,Kling,"Brown Land","Lang Isle","West Tennie",Louisiana,74154
Geri,Hartmann,"Leannon Road","Jeanice Meadows",Mertzberg,Oklahoma,91672
Miguel,Gaylord,"Dusti Hills","Lebsack Mall","New Ivanborough",Indiana,33204
Elvira,"O'Hara","Dicki Mall","Noble Junction",Marcelobury,Kansas,24282
Joel,Prohaska,"Kovacek Meadows","Luise Field","East Sonia","New Jersey",43483
Irina,Schneider,"Weimann Shores","Heidenreich Orchard",Kareemberg,Minnesota,64607
Danille,Nitzsche,"Rolando Fork","Glennie Hill",Neilfort,Maine,42556
Jerome,Turcotte,"Douglas Fort","Cynthia Springs","New Esteban",Missouri,75367
Joycelyn,Herzog,"Lashanda Roads","Quigley Forges","West Terrie",Ohio,12465
Louis,Kuvalis,"Kuhic Glen","Kohler Green",Jacquilinestad,Kentucky,54332
Bradley,Mosciski,"Lincoln Forge","Pollich Route",Bayermouth,"New Mexico",75738
Kelley,Botsford,"Mraz Skyway","McCullough Mountains",Jaeborough,Delaware,52213
Evonne,Lind,"Reginald Ramp","Heathcote Ramp",Leschville,Nebraska,77396
Jaimie,Kub,"Kuhlman Corners","Lamonica Parks","New Emmittside",Colorado,76447
Osvaldo,Johns,"Ebert Inlet","Ozzie Landing",Gregview,Nebraska,36661
Hiram,McCullough,"Parker Mall","Cronin Haven","South Rachealview",Tennessee,41273
Jung,Hand,"Macejkovic Plains","Pearline Locks","South Jarodport",Ohio,65661
Kathie,Mohr,"Prince Lights","Rebecka Road","New Filiberto",Massachusetts,54146
Harrison,Koss,"Kuphal Street","Elbert Lodge",Joelport,Georgia,68383
Shayna,Littel,"Rolfson Fords","Edgar Rapids","East Paul",Nebraska,47426
Phuong,Stokes,"Hermelinda Prairie","Nick Gardens",Patrinaburgh,Iowa,65145
Jacques,Schultz,"Samira Mall","Renner Tunnel","East Monique",Pennsylvania,21676
Colton,Hane,"Darcel Prairie","Cole Landing",Nikolausville,Nebraska,32835
Kimi,Mayer,"Maggio Island","Jones Mountains","New Randal","New York",08532
Eldridge,Krajcik,"Schmeler Extensions","Kendrick Junction","South Melodie",Iowa,92737
Laurence,Mohr,"Duncan Trail","Feil Isle",Raylenechester,Florida,72614
Franklin,"O'Connell","Feeney Knoll","Homenick Ports","West Danilo",Montana,55417
Lillia,Mills,"Schroeder Forest","Treasa Ranch",Kirlinchester,"South Carolina",51413
Neomi,Rau,"Gottlieb Rapids","Jacqualine Knolls","New Jerrie",Nebraska,73372
Joaquin,Hill,"Chase Trace","Hegmann Plaza","South Juan",Hawaii,34835
Linda,Hauck,"Jacob Hollow","Modesta Crossing",Kellyport,Washington,85443
Tammie,Senger,"Heller Plains","Lesch Points","West Hipolitoland",Oregon,36658
Lincoln,Lubowitz,"Solomon Light","Marlin Plains",Powlowskibury,"New York",66826
Mahalia,Leffler,"Treutel Points","Lebsack Radial",Murraychester,Iowa,88175
Neely,Hartmann,"Pacocha Tunnel","Margo Landing",Elayneberg,"South Carolina",53644
Robbie,Goldner,"Hirthe Light","Brice Isle",Faheyburgh,Nebraska,67433
Kerri,Ondricka,"Harber Islands","Quitzon Expressway",Loganview,"New Mexico",57436
Gabrielle,Green,"Reanna Heights","Green Ports",Nickiefurt,Indiana,44467
Melda,Huel,"Rippin Skyway","Joseph Isle",Eugenebury,Nebraska,64162
Darrell,Franecki,"Columbus Haven","Lory Keys","Lake Michal","South Dakota",83414
Shavon,Koelpin,"Harriette Lodge","Nikolaus Meadows","New Rupertbury","South Carolina",33829
Morgan,Corwin,"Kutch Extension","Sherita Haven","South Honeyburgh",Pennsylvania,51263
Margy,Maggio,"Lowe Field","Kling Lane",Hangmouth,Hawaii,74288
Carson,Hoppe,"Dare Views","Paucek Mount","New Kelsiefort","West Virginia",62362
Joelle,Breitenberg,"Langosh Street","Otis Drive",Kingburgh,"North Carolina",75342
Newton,Feil,"Predovic Square","Claris Plaza","West Dwayne","North Dakota",67277
Guillermo,Nicolas,"Mann Garden","Gibson Hill","Lake Laurence",Florida,54746
Elli,Lebsack,"Hickle Lodge","Quentin Hill",Pollichville,Michigan,51555
Kanesha,Jerde,"Konopelski Isle","Hartmann Mountains",Katelinmouth,Ohio,16226
Genoveva,Pagac,"Cartwright Pike","O'Conner Mountains","New Lupe",Nebraska,64461
Robena,Sipes,"Parker Harbor","Feeney Plains","East Erikstad",Kansas,72886
Lou,Greenholt,"Nydia Tunnel","Glenn Lodge","New Hortense","South Carolina",65254
Deloris,Crona,"Milford Hollow","Crona Mews",Grantfort,"New Mexico",45765
Odell,"O'Conner","Isobel Mountain","Homenick Squares","New Laverne",Idaho,24454
Mayola,McDermott,"Pouros Shoal","Doyle Locks","South Kaciemouth",Indiana,24686
Lakisha,Runolfsdottir,"Shizuko Divide","Fadel Spurs","South Rosalbachester","Rhode Island",26728
Kaylene,Quitzon,"Eldridge Shoal","Herman Terrace","New Donny",Pennsylvania,50375
Dylan,Orn,"Oberbrunner Knolls","Dicki Neck","New Guadalupe",Kansas,50345
Margrett,"O'Keefe","Joe Curve","Ryan Ranch","South Jefferyport","South Carolina",41580
Donny,Heathcote,"Dach Harbors","Feeney Spur","East Renata",Michigan,48334
Jolene,Runte,"Kutch Forge","Jesse Meadow",Clarkmouth,Missouri,36575
Kerry,Dach,"Hansen Roads","Monty Parkways","East Karine",Florida,81514
Brittani,Gutkowski,"Palmira Passage","Eddy Mill",Rueckerside,"North Carolina",75655
Madison,Bruen,"Rippin Rue","Sally Pines",Ornport,Minnesota,52124
Kurt,Morissette,"Justine Lakes","Phil Estates",Galestad,"North Dakota",43314
Kris,Terry,"Runolfsson Key","Metz Ranch","Lake Jillbury",Washington,74682
Marquita,Hammes,"Langosh Light","Larisa Shores","New Rea","Rhode Island",88377
Geralyn,Klocko,"Drew Pass","Leffler Tunnel",Gerlachport,"North Carolina",73277
Jackeline,Pfannerstill,"Loriann Path","Ondricka Pike","Port Mitchel",Iowa,46464
Elois,Little,"Kuhn Radial","Narcisa Creek",Pacochaview,"New Mexico",35265
Royce,Daniel,"Jina Point","Thiel Heights",Jerryton,"Rhode Island",44534
Jess,Johns,"Sebrina Isle","Margaretta Prairie",Klaraview,Arizona,15723
Rolando,Rempel,"Roxane Plaza","Hettinger River",Maraburgh,"North Dakota",17234
Mariko,Lehner,"Beth Drives","Russel Oval","East Jordon",Georgia,52636
Jolyn,Huel,"Kelli Islands","Irvin Light",Lednerberg,Kansas,85246
Lee,Gottlieb,"Myrl Extension","Prohaska Forges",Dexterport,Tennessee,24364
Lilla,Stark,"Sang Lock","Prosacco Lock",Dantestad,Ohio,47674
Nathanael,Leffler,"Powlowski Grove","Kandis Garden",Haroldport,Mississippi,52864
Jeraldine,Weimann,"Mariano Dam","Ray Passage",Leidaborough,Michigan,84534
Henrietta,Jacobi,"Shanahan Prairie","Jerrell Ridge",Kuphalfurt,Kansas,76554
Jon,Streich,"Illa Key","Mayer Pines","East Leticiabury",Vermont,27296
Hipolito,Keebler,"Konopelski Square","Kassulke Parkway",Rosemaryport,Minnesota,28705
Leland,Morar,"Halvorson Oval","Rutherford Mountain",Dickensview,Mississippi,26235
Jeffrey,Sanford,"Linn Spurs","Marks Island","New Lindsey",Maine,21574
Larue,Reinger,"Derick Turnpike","Malcolm Lodge",Edwardville,Maryland,46406
Luke,"O'Hara","Elijah Courts","Kreiger Island",Charlesfurt,"North Carolina",64784
Brooks,Klein,"Kati Knoll","Mosciski Lake","West Shalanda","New Hampshire",25645
Gerard,Daniel,"Curtis Plains","Ricki Islands","East Kelly",Nebraska,67404
Kelsi,Hahn,"Denae Grove","Reena Plain",Kristoferport,Missouri,78642
Michal,Haag,"Reynolds Mountain","Long Skyway","Lake Lenard",Iowa,26334
Elvis,Daniel,"Oberbrunner Falls","Harvey Lodge","South Raelene","North Dakota",04343
Paulita,Marquardt,"Baumbach Summit","Cindie Forest",Robbiechester,Georgia,36276
Giuseppe,Casper,"Margareta Fort","Kuhn Flats","New Merle",Mississippi,85815
Delisa,Kilback,"Olson Inlet","Hudson Parks","West Laciefurt",Montana,53834
Jeana,Greenholt,"Maryanna Square","Gaylord Highway",Elmerton,Pennsylvania,66255
Dominica,Heidenreich,"Rosemarie Glen","Juan Crossroad","Lake Larryfort",Oklahoma,87461
Tami,Leffler,"Monahan Neck","Marc Ports",Samualstad,"New Jersey",48642
Debbie,Mante,"Jamie Parks","Klein Harbor",Kundeborough,Maine,33666
Necole,Schamberger,"Natosha Squares","Kyong Creek",Sengerfort,California,75341
Josefina,Nolan,"Felisa Ranch","Renaldo Manor",Marcellusmouth,"New Mexico",50476
Richelle,Labadie,"Lucia Prairie","Mafalda Loop","West Noreen","New Mexico",48465
Ivory,Johns,"Fidel Lakes","Goodwin Highway","East Felipe",Nebraska,61537
Cinderella,Dickens,"Reanna Course","Thiel Ranch",Denesikbury,Montana,86567
Lakeesha,Rogahn,"Harber Rapid","O'Keefe Glen",Linwoodview,"New Mexico",75552
Johnna,Murray,"Schaefer Island","Jarvis Plain","New Marylou","North Carolina",36244
Fidel,Metz,"Katharina Hollow","Garnet Harbor","East Tadburgh","South Dakota",97324
Emily,Hirthe,"Predovic Mountains","Kunde Mountain","New Lakisha",Minnesota,26644
Larry,Leannon,"Lowe Spring","Pearline Shores",Conniemouth,"North Carolina",55673
Thanh,Schaefer,"O'Conner Rue","O'Conner Mission",Janberg,"New Hampshire",45335
Edie,Friesen,"Terry Pass","Lyman Run",Isaacmouth,Tennessee,54872
Landon,Feest,"Emard Shoals","Jed Skyway",Conradmouth,"New Mexico",67322
Kit,Cummerata,"Owen Mission","Hudson Neck",Debbihaven,Maine,43224
Pandora,Kautzer,"Bosco Land","Mathew Mountains",Elroymouth,Indiana,23448
Elmer,MacGyver,"Hirthe Hills","Mayert Roads",Karylchester,"New Jersey",73156
Latesha,Gottlieb,"Kautzer Mount","Howe Locks","West Milton","North Dakota",68783
Son,Kuphal,"Jarred Radial","Pfannerstill Extensions","Lake Lilimouth",Iowa,42266
Teodoro,Stamm,"Edward Rapids","Mickie Road",Joshuaberg,"New York",34135
Scot,Miller,"Sabra Points","Heather Islands",Thaliaport,Tennessee,13307
Milo,Purdy,"Dorine Rest","Herma Ridges","North Lilia","New Jersey",83646
Hector,Macejkovic,"Arnoldo Street","Jeremiah Prairie",VonRuedenchester,Wisconsin,87841
Eryn,Huels,"Dino Plains","Ledner Ford",Jamaalburgh,California,14753
Dara,Runte,"Ritchie Hill","Morissette Mountain",Joeannville,Michigan,32745
Jordon,Hoppe,"Kennith Loop","Greenholt Junctions","New Elmo",Texas,76265
Ronald,Skiles,"Macejkovic Mews","Madalyn Mills","West Malisamouth",Minnesota,66142
Paula,Miller,"Melvin Trace","Nolan Greens",Danview,"North Dakota",34557
Jenniffer,Bergstrom,"McLaughlin Port","Pfeffer Prairie","West Jaimee","South Carolina",35463
Jennell,Sauer,"Hill Stream","Marquitta Square",Homenickburgh,Pennsylvania,43438
Shannan,Frami,"Jones Hill","Schumm Gateway",Prosaccoville,Louisiana,31568
Lulu,Hayes,"Hermiston Crescent","Lyle Lock",Johnfort,"North Dakota",67453
Hyo,Stanton,"Schultz Route","Lou Lock","South Merle",Minnesota,31363
Maybelle,Runte,"Forest Lake","Keeling Square","South Delorse","New Hampshire",74222
Vern,Monahan,"O'Hara Freeway","Cassin Ports","South Kurtis",Florida,32418
Katy,Heathcote,"Enda Curve","Mueller Harbor",Schinnerbury,Mississippi,37665
Ryan,Schuster,"Deanne Junction","Ericka Meadows",Eldenville,Washington,57843
Enid,Predovic,"Ward Overpass","Kasi Tunnel",Georgeview,Louisiana,25564
Jen,Jerde,"Jules Shores","Maria Court","Port Marcia",Oregon,65351
Doug,Smitham,"O'Conner Dale","Kub Junctions","Lake Lesleyberg",Texas,20651
Malcom,Borer,"Davis Crossroad","Austin Junctions",Dirkberg,Mississippi,77582
Hubert,Walsh,"Moen Locks","Larson Divide",Lizbethmouth,"South Carolina",98425
Liberty,Kihn,"Kirlin Overpass","Daniel Neck",Mayport,Texas,44351
Jayme,Gislason,"Johnsie Loaf","Murray Heights",Dotchester,"New York",73143
Julieann,Flatley,"Foster Rest","Lockman Island","South Chase",Louisiana,34245
Tameka,Heathcote,"Huel River","Frances Inlet",Leandrafurt,Ohio,31466
Krystina,Friesen,"Marquis Islands","Howe Field",Lucaschester,"South Dakota",25387
Jefferey,Mayert,"Carissa Spring","Shira Plains",Joyside,Maine,28633
Norene,Bergstrom,"O'Kon Grove","Joshua Oval","West Madie",Massachusetts,87658
Guadalupe,Grimes,"Roseanne Highway","Louise Dam","South Fernando",Tennessee,43416
Nicholas,Swift,"Stokes Isle","Jesica Mills","West Digna",Iowa,22581
Eddy,Schimmel,"Miki Meadows","Marceline Parkways","West Lucianoport",Maryland,17482
Rodney,Bosco,"Garrett Harbor","Johnny Road","New Lauraland",Texas,41347
Armida,Jast,"Rolfson Mission","Marisha Locks",Ottofurt,Iowa,83136
Echo,Rath,"Lenore Gardens","Pasty Highway",Nievesmouth,"North Dakota",29265
Gavin,Jaskolski,"Cletus Gardens","Lang Lake","East Elfriedafurt",Kansas,46881
Lizzette,Jakubowski,"Lilliam Track","Jennie Isle",Nickolasstad,Illinois,27737
Azzie,Miller,"Jefferey Extensions","Graham Lock","South Marvis",Illinois,85574
Graham,Feeney,"Jamey Field","Gerry Garden",Johnsonville,Nevada,48566
Rick,Marquardt,"Dahlia Heights","Rudy Squares","New Constance",Missouri,73828
Darryl,"O'Keefe","Smith Ports","Eldon Garden",Lacyfurt,Florida,26343
Garth,Lebsack,"Hermila Lock","Mandie Glen",Essiebury,Missouri,61555
Bernita,Rice,"Gutkowski Mall","Doyle Inlet",Garlandmouth,Maine,66068
Lila,Koch,"Ettie Curve","Bauch Ranch",Sebastianside,Mississippi,71812
Nidia,"D'Amore","Fay Mountain","Nieves Spur","New Michaela",Delaware,83576
Palmira,Haley,"Buddy Gardens","Rhett Trail",Schusterbury,Connecticut,43146
Cordelia,Padberg,"Lesch Extension","Ellamae Points","North Kathryn",Michigan,27268
Louisa,Hoppe,"Harvey Road","Luettgen Mission",Josefmouth,Oregon,25473
Kristeen,Padberg,"Muller Drives","Schiller Points",Schneiderview,Montana,64484
Kirby,Pollich,"Johnie Ranch","Kihn Ports","Port Augustus",Connecticut,75563
Laine,Mosciski,"Dana Springs","Dicki Crossroad",Larrybury,"New York",63613
Elroy,Hermiston,"Frances Fort","Hayes Flat",Giannaburgh,Ohio,48337
Laree,Russel,"Stephine Spring","O'Keefe Greens",Raylenehaven,"North Carolina",44766
Lilliam,Fay,"Romaguera Oval","Stamm Station",Floreneberg,Indiana,68162
Maira,Monahan,"Mitchell Expressway","Fahey Summit",Kertzmannburgh,Nevada,78324
Louie,Lockman,"Tillman Motorway","Iraida Prairie","New Kaila",Maine,52112
Jenifer,Nicolas,"Schoen Plaza","Robel Rapid","West Gilbert",Missouri,54366
Janetta,Huels,"Kutch Lights","Lucia Lakes","Lake Georgiana","North Dakota",57762
Tressa,Harber,"Mohr Mall","Chad Knoll",Kandacemouth,Minnesota,46734
Tifany,Schimmel,"Runolfsdottir Crescent","Dovie Ramp","West Samual",Oregon,21145
Cliff,Huels,"Durgan Forge","Kub Harbors","Lake Harrystad",Minnesota,28573
Lea,Dietrich,"Cruz Village","Stamm Isle","New Billie",Kentucky,24613
Elanor,Kuhlman,"Luann Creek","Kulas Prairie","New Marnaburgh",Oklahoma,44165
Pei,Schroeder,"Rogelio Meadows","Mabel Manor",Carminechester,Georgia,84345
Randal,Cassin,"Simonis Road","Margene Shoal",Purdybury,Kansas,25784
Ellsworth,Rolfson,"Howard Court","Johnathon Parkways",Freddieborough,Massachusetts,14515
Meghan,Mills,"Irving Port","Cartwright Ranch","West Kris",Indiana,50373
Norman,Luettgen,"Boehm Keys","Lucius Falls","East Elisabeth",Kansas,38556
Mitzi,Heathcote,"McKenzie Knoll","Onita Flats",Hartmannborough,Kentucky,56642
Noelia,Daugherty,"Jolie Islands","Keenan Roads",Kraigstad,Ohio,64247
Penni,Dibbert,"Lavette Groves","Crona Mountains","West Pamela",Illinois,29455
Rigoberto,Murphy,"Pfannerstill Shoal","Lynch Passage",Eliseofurt,"North Carolina",62640
Ashley,Klein,"Goyette Square","Trudie Extension",Ulyssesview,Montana,44564
Kandra,Dach,"Leontine Passage","Okuneva Square","Lake Glindabury","New Hampshire",61323
Gabriella,Pouros,"Durgan Lane","Mitchell Views",Arianneport,Maryland,80771
Louvenia,Kihn,"Ruecker Mission","McLaughlin Estates","South Dane",Minnesota,76235
Eddie,Hermann,"Lindsey Hollow","Fredric Parkway","Lake Sparkle",Indiana,23547
Rolanda,Krajcik,"Shiloh Loaf","Howe Spur",Melisastad,Louisiana,22827
Don,Robel,"Blair Forge","Littel Inlet","East Claudio",Illinois,43554
Taylor,Boyle,"Nader Estate","Dietrich Ferry","East Odell","New Hampshire",26278
Giuseppina,Kreiger,"Rowe Spring","Goldner Shoal",Eneidastad,Hawaii,75459
Ngoc,Hartmann,"Marvin Mountains","Lloyd Roads",Boscobury,Ohio,23518
Christopher,Johnson,"Jerald Orchard","Jeanice Mall",Curtmouth,"New Hampshire",76754
Lucina,Pfeffer,"Loyce Landing","Halvorson Forks",Lashaunborough,Delaware,24653
Liz,Gottlieb,"Debra Divide","Maurice Square","West Danialfort",Kentucky,37557
Kareem,Trantow,"Johns Curve","Dayna Parkways",Octaviomouth,Nevada,13735
Melita,Feeney,"Mann Ports","Jeni Lakes",Trentport,Maryland,39678
Ferdinand,Maggio,"Dominick Forest","Lubowitz Ridge",Johnnieburgh,"New Jersey",17550
Florentino,Cremin,"Cindi Plain","D'Amore Stream","East Jacinda",Florida,25615
Jerrell,McGlynn,"Upton Summit","Corwin Glens",Enriquechester,Montana,16661
Leandra,McClure,"Konopelski Landing","Latonya Rapids",Isiahburgh,Ohio,42429
Lynn,Feest,"King Lights","Mosciski Glens","North Lura",Kentucky,24645
Nam,Homenick,"Deloras Light","Georgeann Loop","East Rob",Michigan,68625
Denis,Oberbrunner,"Janita Lakes","Dan Lights",Larkinmouth,Minnesota,43426
Marti,Fahey,"Hills Mission","Kunde Creek","North Delmer",Kansas,42827
Mercy,Dietrich,"Ralph Forge","Stark Mountains",Exiemouth,Iowa,63465
Larraine,Crona,"Darla Pines","Predovic Glens",Simonstad,Pennsylvania,16342
Christen,McLaughlin,"Thiel Drive","Rosana Hill","East Rolanda",Kansas,63825
Mohamed,Nikolaus,"Karren Ridge","Collins Union",Lelandmouth,Tennessee,85135
Jamel,Langworth,"Lyman Loop","Gleason Mount","Lake Osvaldo","North Carolina",53656
Noe,McGlynn,"Harold Mill","Quitzon Mountains","West Elinoreberg",Montana,55525
Shonta,Rath,"Emard Extension","Cordell Pine","South Frances","New Jersey",15335
Mendy,Kling,"Dickens Course","Genaro Harbors",Mittieborough,Iowa,45572
Krystle,Rowe,"Purdy Point","Mitchell Islands","Lake Elenorchester",Iowa,41228
Lynell,Miller,"Ullrich Pine","Elenor Lakes","West Jessikachester",Ohio,34566
Timmy,Kulas,"Olson Loaf","Myron Forks","South Scottymouth","Rhode Island",83325
Michael,Emard,"Augustus Road","Laurinda Rapid",Eldridgefurt,Missouri,62581
Glory,Gibson,"Kortney Ford","Lynch Divide",Jeanenechester,"New Jersey",42793
Hank,Kshlerin,"Neville Plains","Leesa Park","North Chang","New Hampshire",35226
Kimberely,Rippin,"Neoma Fords","Lidia Isle","South Jeannettechester",Nebraska,54434
Patty,Krajcik,"Kilback Islands","Tillman Plain",Deangeloberg,Kansas,56147
Juanita,Berge,"Padberg Neck","Little Extensions","East Jimmie",Nebraska,14558
Ghislaine,Mayert,"Rath Grove","Klocko Isle",Bulaburgh,"North Dakota",42414
Cecil,Champlin,"Hollis Squares","Spencer Mission","Lake Darell",Missouri,63158
Maryalice,Reichert,"Gleason Ford","Mariano Ranch",Tawandamouth,Maryland,54934
Kandice,Goldner,"Feil Isle","Rau River",Kohlerside,"New Jersey",52433
Gala,Dickinson,"Hermiston Manors","Domenic Mill",Lienchester,Nevada,57284
Elvin,Corwin,"Parker Ferry","Catherina Mountains","North Roosevelt",Iowa,52052
Ken,Rice,"Kihn Point","Mohr Parkway",Jerryberg,California,66820
Renita,Kilback,"Madelene Forge","Eli Knoll","South Isabella",Oklahoma,45456
Helen,Halvorson,"Kuphal Junctions","Elsa Forest","West Martyport",Oregon,13562
Paige,Kemmer,"Bertram Landing","Friesen Tunnel","New Aurelio",Iowa,54423
Luella,Grimes,"Pablo Glen","Kathleen Landing","New Hughport",Indiana,48533
Crystle,Hackett,"Eilene Shoal","Lavinia Pines","New Darlena",Montana,55247
Monty,Mosciski,"Lindgren Neck","Kautzer Locks","South Louis","West Virginia",87112
Claretha,Kuhlman,"Schiller Pass","Rosenbaum Trail",Leannonbury,Colorado,51474
Haywood,Corkery,"Haywood Manor","Sipes Rue","South Myrtice","Rhode Island",75851
Olin,DuBuque,"Laine Plains","Swaniawski Oval",Kleinbury,Minnesota,13740
Faye,Langosh,"Roselee Overpass","Kera Locks",Funkfurt,Indiana,63271
Ernesto,Kling,"Lavenia Plain","Hirthe Hills",Izolaburgh,"New Hampshire",51892
Major,Smitham,"Satterfield Fords","Sawayn Neck",Bernieview,Oklahoma,43525
Kelly,Lynch,"Christiansen Fords","McCullough Islands",Torpton,Massachusetts,57832
Fallon,Howe,"Rice Extension","Mosciski Pine",Matildeburgh,Pennsylvania,52565
Sadye,Greenfelder,"Bogisich Port","Bruen Lodge","South Selena",Missouri,72273
Graciela,Rosenbaum,"Gertrudis Lights","Kuhic Parkway",Lorieland,"New Mexico",44238
Karyn,Lind,"Karl Roads","Lorenzo Roads","New Jarod","New Jersey",37166
Melynda,Hegmann,"Charlie Fork","Khalilah Park",Kandiceport,"New Hampshire",13446
Ronny,Gutmann,"Lehner Plain","Forest Pines",Donettaberg,Montana,16537
Raina,Kohler,"Edmund Forges","Howell Mill","Lake Maynard",Texas,13448
Lauri,Harvey,"Krystin Ports","Johnston Stream",Farahport,Oregon,76718
Jose,Hansen,"Jorge Drive","Cremin Pine","East Samara",Nevada,27377
Cherelle,Homenick,"Nader Motorway","Mraz Mount",Kemberlyview,Louisiana,47856
Jefferson,Schaden,"Corine Shoal","Oscar Ridges","East Kandace",Minnesota,23442
Edward,Champlin,"Phil Mill","Jerrod Plain","South Shin",Idaho,54447
Jamison,Hyatt,"Tremblay Lock","Dominick Islands",Hienport,Texas,62926
Euna,Kautzer,"Morgan Park","Bogan Flats",Denicestad,Mississippi,64277
Karla,Hammes,"Keneth Curve","Murphy Inlet","New Elvinchester",Virginia,33265
Lesia,Predovic,"Lowe Keys","Kunze Passage",Nedport,Texas,82154
Nery,Luettgen,"Lakenya Terrace","Elin Turnpike",Edwardberg,Missouri,33762
Chester,Keeling,"Mayert Manor","Maurice Junction","South Roderick",Iowa,54571
Charles,Schiller,"Ledner Mills","Reuben Square","New Quintin","Rhode Island",35546
Jared,Schmidt,"Ortiz Ports","Kirlin Garden","West Mica",Utah,74543
Jamee,Johnson,"Francina Mission","Odis Forges",Normanfurt,Oregon,75346
Mel,Herman,"Paris Motorway","Erdman Junction",Koelpinbury,Massachusetts,21443
Gertrud,Kessler,"Nicolas Flats","Frami Isle","New Judson",Delaware,73641
Herb,Glover,"Rene Pike","Larkin Isle",Catharineport,Pennsylvania,55704
Ma,Sawayn,"Brown Plaza","Geraldo Union",Haibury,"South Dakota",32686
Hayley,Jacobs,"Louie Greens","Macy Streets",Lindstad,Oregon,77335
Luetta,Hauck,"Manuela Mountains","Greenfelder Forge","West Erichaven","New York",65417
Flor,Stanton,"Pfeffer Mission","Jerrod Pike","West Letty","New Mexico",35514
Marlena,Rempel,"King Drives","Prohaska Harbors",Gleichnerberg,"South Dakota",52673
Loreta,Skiles,"Hansen Manors","Sherlyn Isle","New Jeanamouth",Hawaii,20645
Reginia,Koepp,"Kemberly Roads","McGlynn Lodge","New Rosannamouth",Missouri,43322
Letha,Leffler,"Okuneva Glens","Langworth Orchard","North Melda",Maine,16363
Maryland,Langosh,"Son Isle","Leannon Turnpike","Port Miki",Kentucky,79057
Lanora,Jast,"McLaughlin Ridges","Deloise Ranch","New Nell",Maine,34631
Hilario,Murphy,"Kassie Loop","Chun Junction","South Karen",Georgia,44552
Maren,Oberbrunner,"Ezra Mills","Nathanial Estate","Port Valentin","North Carolina",64173
Nicola,Goodwin,"Shenika Landing","Dewitt Square","Lake Leanora",Pennsylvania,13346
Kathlene,Gaylord,"Raynor Station","Ritchie Street","New Kennethport",Illinois,77446
Gaynelle,Turcotte,"Kirstin Highway","Hand Locks",Karissastad,Maryland,57738
Dewitt,Kassulke,"Rufus Port","Franecki Shoal","South Damien","North Dakota",41867
Ermelinda,Howe,"Galen Stravenue","Rath Lock",Hannelorebury,"Rhode Island",53624
Lester,Homenick,"Hackett Freeway","Foster River",Kuhlmanville,Mississippi,71443
Numbers,Lueilwitz,"Heathcote Courts","Marlin Isle","New Darius","New Mexico",73273
Sierra,Schowalter,"Lanelle Meadow","Halvorson Neck","Lake Leoniaburgh",Utah,56442
Renate,Prohaska,"Gulgowski Overpass","Leoma Trace",Torphymouth,Missouri,63655
Karey,Fay,"Kerstin Hills","Jacinto Ridge","New Jason",Kansas,67144
Tanner,Langworth,"Dickinson Orchard","Kreiger Overpass",Lexieland,Iowa,45265
Kenneth,Renner,"Jenkins Hill","Elvis Curve",Harveyview,Louisiana,71851
Ofelia,Pouros,"Sporer Ramp","Klocko Lodge",Marishabury,Illinois,63748
Kiera,Jacobs,"Paola Fort","Burt Shoals","West Leone",Michigan,66302
Grayce,Gleichner,"Emerson Lodge","Tashia Dam",Pablohaven,Nevada,54836
Hugh,Konopelski,"Lebsack Parkways","Satterfield Extension",Jonasport,Maryland,57514
Leslie,Jenkins,"Koepp Greens","Howe Island",Schinnerfurt,Mississippi,67826
Jimmy,Johnston,"Raleigh Inlet","McDermott Plaza","East Delila",Michigan,25139
Romaine,Gaylord,"Golda Fall","Jerrold Mountain","East Judithchester",Michigan,35787
Hanna,Green,"Hammes Overpass","Donnette Motorway","New Crystal",Minnesota,41515
Tyrone,Gleason,"Kuphal Ramp","Pacocha Route","Port Hal",Missouri,44561
Ola,"O'Connell","Mitchel Terrace","Laurinda Junction","North Erniefort",Oregon,54121
Rolf,Cartwright,"Gutmann Point","Flo Rapids",Raymundobury,Oklahoma,27342
Damien,Kassulke,"Kirlin Passage","Henry Inlet",McGlynnburgh,Illinois,64224
Lenard,Ferry,"Cruz Glen","O'Reilly Falls","South Jeffery",Illinois,43582
Columbus,Schaden,"Grant Island","Miller Plain",Margaretebury,Louisiana,38664
Mitchel,Effertz,"Kozey Pines","Stehr Knoll","South Rosannaton",Kentucky,35535
Isa,McClure,"Kasey Spurs","Morar Forges",Lavernechester,Missouri,62724
Faith,Lubowitz,"Mimi Isle","Marcia Island","East Brettfurt",Oregon,72634
Javier,Cronin,"Frederic Mews","Silas Glens",Philomenachester,Iowa,64631
Homer,Schiller,"Dickens Loop","Grant Groves","Lake Gayle","New Jersey",27464
Dwain,Kiehn,"Guillermo Parkways","Larson Lodge","West Cortney",Indiana,76774
Jospeh,Herman,"Lovetta Springs","Mayert River","North Denitaborough",Montana,73547
Johnson,Okuneva,"Grady Ridges","O'Connell Locks",Jonieville,California,48556
Isadora,MacGyver,"Octavio Gateway","Muller Mountain",Eviechester,"North Dakota",36416
Gerda,Marks,"Freeman Mountain","Walter Springs","East Frederickport","New Jersey",53271
Kattie,Jast,"Mueller Lane","Jack Junction","New Imelda",Kentucky,55342
Danuta,Ledner,"Lindgren Mountains","Jacobi Terrace","South Eugena",Ohio,35744
Lazaro,Littel,"Toy Manor","Gorczany Point","Lake Sangburgh",Maine,36332
Mario,Murazik,"Jacquline Ridges","Pennie Lake",Kubside,Texas,38863
Maritza,Gleason,"Millie Forge","Sade Parks","West Khalilah",Texas,14763
Dorotha,Kiehn,"Davis Row","Kaleigh Meadows","East Li",Georgia,81587
Perla,Marks,"Marin Park","Davis Landing","South Isaacview",Nebraska,13326
Merri,Hirthe,"Ledner Neck","Harris Lake","Lake Laurenborough",Pennsylvania,35566
Mitchell,Hessel,"Dawne Point","Emmett Highway",Jonhaven,Mississippi,22258
Jasmin,Ortiz,"Hilario Mountains","Price Ramp",Rhettfort,Michigan,32612
Mika,Johnston,"Kutch Lake","Koss Locks","New Enrique",Delaware,88035
Kizzy,Hane,"Jarvis Spurs","Mante Drive",Darenberg,Texas,36767
Hosea,Simonis,"Frami Square","Ivan Spur",Ildamouth,Maine,63633
Olympia,McLaughlin,"Geraldine Mill","Johnathan Terrace","West Lawanna",Minnesota,26366
Margareta,Bogisich,"Runte Spring","Marquardt Oval","West Emile",Louisiana,38742
Nelda,Leuschke,"Arlen Grove","Murazik Mews",Jackquelinemouth,Maine,65224
Karlyn,Kunde,"Deedee Pines","Denesik Pines","New Shannon",Indiana,58636
India,Hermiston,"Cremin Passage","Farrell Expressway","Lake Ottobury",Montana,47235
Quinn,Klocko,"Marquardt Path","Gerri Pines",Felishaborough,Illinois,26527
Rosario,Funk,"Raleigh Plains","Smitham Green",Sawaynbury,Kansas,95632
Domenica,Marvin,"Schaefer Island","Homenick Mall",Marksstad,Illinois,44335
Emory,Kutch,"Buckridge Expressway","Marcelo Pine","West Randall",Massachusetts,24553
Sean,Langosh,"Lecia Meadow","Emogene Common","South Lee",Georgia,43338
Rod,Jacobs,"Gulgowski Unions","Miquel Cove","South Regenaville",Ohio,33192
Ismael,King,"Hermiston Common","Reynolds Mount",Donabury,Vermont,21724
Petronila,Kulas,"Murray Pine","Gutkowski Keys",Kristopherstad,Montana,36236
Coralee,Langworth,"Ondricka Fields","Lynch Flat","New Gennie",Indiana,93452
Suzanna,Kerluke,"Eula Gateway","Larson Falls",Jacobsonview,"New Jersey",74773
Jenni,Padberg,"Jonas Fork","Jast Plaza","West Romeo",Tennessee,73638
Mariel,Kozey,"Ruth Extensions","Irena Ramp","Lake Miranda",Pennsylvania,88453
Genaro,Rippin,"Ira Crescent","Jimmie Light","New Leticia",Illinois,70693
Nerissa,Purdy,"Hessel Dale","Swift Passage","Lake Chrissy",Oregon,42775
Kia,Runte,"Jerde Glens","Felix Track",Greenfelderfort,Montana,26823
Francisca,Deckow,"Donnelly Forge","Carolyn Mills","West Jake",Louisiana,66839
Ernestine,Lubowitz,"Nikolaus Mount","Efrain Fort",Howardstad,Connecticut,31756
Ed,Pollich,"Pauline Lane","Halvorson Flats",Gavinview,Maryland,67661
Omer,Cole,"Lisandra Light","Latrisha Junctions","Lake Leeannechester",Georgia,86394
Shad,Cormier,"Kovacek Neck","Rippin Pike",Jaquelineport,Montana,46431
Cyndy,Koepp,"Rich Fork","Dicki Overpass","New Rodolfoland",Louisiana,14167
Ron,Lang,"Marvin Mews","Carter Locks","South Hipolito",Idaho,45622
Margit,Dach,"Sharice Rest","Schultz Pine",Quitzonstad,"New Jersey",64523
Sammy,Moen,"Sharyl Curve","Green Freeway",Lauriechester,Michigan,77425
Darell,Paucek,"Wiegand Rue","Joi River","West Paul","North Carolina",45437
Fredia,Mitchell,"Keturah Dale","Celestina Heights","Lake Maximo","New Hampshire",67552
Kasandra,Feeney,"Johns Course","Laurine Lakes","South Jeffreyborough",Iowa,27462
Julius,Parisian,"Cortez Street","Turner Springs",Grettastad,Michigan,23762
Sarita,Schowalter,"Lakeisha Mission","Schowalter Groves","Lake Jude",Texas,61334
Reta,McKenzie,"Nader Orchard","Ronald Shoals","West Jolynn",Minnesota,51369
Domenic,Spencer,"Jude Prairie","Kuvalis Parks","Lake Nathanaelbury",Nebraska,65243
Elinore,Gleichner,"Len Valleys","Dayle Knoll",Michaleborough,"North Dakota",72393
Leanne,Thompson,"Darron Land","Effertz River","New Chasechester",Montana,24658
Lamont,Buckridge,"Kihn Knoll","Kuvalis Shoal","New Kierabury",Ohio,76773
Delmar,Marvin,"Ferry Ports","Modesto Fords","Lake Carolaview",Michigan,76175
Karin,MacGyver,"Emmerich Lock","Luis Rapids",Funkmouth,Pennsylvania,55555
Josh,Breitenberg,"Clint Glens","Ebonie Ridges",Irwinmouth,Maine,29136
Lourie,Hagenes,"Sipes Mission","Lynn Trace","New Ilsemouth",Indiana,53263
Kiyoko,Goyette,"Lupe Prairie","Herzog Parkways",Novellaberg,Michigan,39182
Scarlet,Jones,"Precious Trail","Farrell Keys","New David",Maryland,62542
Demarcus,Kuhn,"Karena Port","Nienow Drive","Port Rigobertoborough",Georgia,55774
Pablo,Hermann,"Towne Glens","Sharyl Road","East Donte",Nevada,15635
Joselyn,Towne,"Grady Landing","Johnie Light","New Len",Montana,71363
Leonida,Friesen,"Jast Terrace","Latarsha Rest",Murrayview,Iowa,61633
Caitlyn,Fadel,"Bogisich Skyway","Clarence Forest",Markuschester,Missouri,25325
Jerald,McKenzie,"Darryl Hills","Jenkins Parkway","South Jesus",Idaho,72734
Matthew,Ortiz,"McKenzie Parkway","Onie Ferry","East Kieth",Illinois,56163
Lauretta,Lockman,"Glenda Ford","Justa Heights","East Kellye","Rhode Island",55432
Nigel,Beier,"Joel Oval","Soledad Parkways","South Danborough","New Jersey",45460
Edgardo,Rosenbaum,"Lance Station","Kovacek Cove","New Laurence",Michigan,44346
Keiko,Lakin,"Pamula Dam","Celeste Inlet","O'Keefeport",Maine,87623
Gordon,Harber,"Clarence Road","Ila Field",Eltonmouth,Indiana,52555
Leonardo,Mitchell,"Diedra Camp","Lindgren Grove","Port Galaborough","North Dakota",46235
Emmitt,Hill,"Hilpert Islands","Jakubowski Junctions","Lake Carl",Montana,55274
Stasia,Marquardt,"O'Reilly Mall","Schumm Fields","South Noble",Texas,73257
Shizuko,Johnston,"Kovacek Forest","Landon Fort",Littelborough,Hawaii,73437
Lupe,Langosh,"Collier Light","Guadalupe Rue","New Heikeport","Rhode Island",47437
Susannah,Bode,"Jones Overpass","Grimes Crescent","New Nathan","New York",53617
Les,Grady,"Michael Harbors","Daniel River","South Noble",Iowa,64641
Asley,Keebler,"Jodie Motorway","Laverne Valley","Lake Katheleenstad",Minnesota,77823
Mertie,Jones,"Florence Dam","Delcie Crescent","New Karinaport",Idaho,77363
Letisha,Kuhic,"Haley Mission","O'Hara Fall","New Graciechester",Minnesota,24751
Elodia,Larkin,"Marlin Lights","Olson Ranch",Rosiabury,Missouri,93577
Collene,Leannon,"Mayer Pines","Mann Drive",Dibbertburgh,"South Carolina",85275
Jerrod,Mitchell,"Ondricka Mountain","Kimberlie Rapids",Clairport,Georgia,45362
Coleman,Kirlin,"Hoppe Falls","Orn Center",Lakenyastad,Montana,75472
Kaley,Stehr,"Otis Inlet","Dorcas Cliff","West Esmeralda",Texas,85456
Ivey,Jacobs,"Kemmer Mission","Konopelski Dam",Eusebiofurt,Minnesota,65366
Maribeth,Kertzmann,"Leonard Dale","McLaughlin Green",Philipchester,Montana,88667
Reginald,Hegmann,"Kihn Summit","Kirlin Skyway",Margettown,Connecticut,43557
Eugene,Mante,"Schmitt Curve","Parisian Prairie","West Stefan",Oklahoma,12744
Hsiu,Trantow,"Strosin Points","Larkin Heights","New Gregorio",Louisiana,56538
Pasquale,Leffler,"Gertrudis Passage","Kristopher Mission",Roweborough,Missouri,52226
Russell,Koch,"McClure Tunnel","Claud Loaf",Reichertborough,Indiana,35215
Johnsie,Medhurst,"Gerhold Motorway","Jacquie Inlet","West Lashawnamouth",Mississippi,23524
Billie,Kris,"Dollie Mountain","Hand Light",Gailton,Ohio,53345
Michale,Kilback,"Kuphal Lake","Liz Forks","East Elviramouth",Iowa,73575
Piedad,McGlynn,"Elida Mews","Kristopher Neck",Isobelberg,Ohio,66608
Jonathan,Hyatt,"Kurt Ridges","Dave Meadows","East Maurice","New Jersey",45531
Jessika,Green,"Cristopher Haven","Aubrey Circle",Saramouth,Pennsylvania,75660
Laurinda,Parisian,"Jast Mount","Torphy Stravenue","West Lawrence",Michigan,47572
Leatrice,Mann,"Dolores Fork","Gregorio Loop","East Hang",Kansas,45824
Dena,Murazik,"Blake Gardens","Dick Shoals",Jadefurt,Nebraska,83336
Iola,Dach,"Fredrick Manor","Langosh Pass",Rickeymouth,Vermont,62613
Michelle,Jones,"Kovacek Summit","Schuster Fork","New Gloria",Minnesota,38996
Demetrius,Morar,"Edwardo Mount","Marna Forges",Edwardmouth,Pennsylvania,66275
Kylee,Krajcik,"Herman Radial","Shanahan Mountain",Renitaberg,"South Dakota",47237
Delores,Hand,"Grant Loop","Boyer Freeway","East Bradlychester",Washington,84216
Mabelle,Parisian,"Muller Junctions","Nicolas Meadow","South Lavone",Maine,25436
Eula,Kozey,"Joaquin Lodge","Osinski Spur",Dickinsonberg,Arkansas,64372
Ellis,Spinka,"Rosenbaum Forks","Ratke Ridges",Jeraldberg,Minnesota,54736
Santiago,Padberg,"Marcelo Lodge","Shanice Lock","West Lilli",Nebraska,34417
Kasey,Glover,"Jay Road","Pam Pass",Isiahburgh,Louisiana,74545
Cierra,Gutmann,"Darline Greens","Davis Mountain",Coraliestad,Oregon,74363
Maryam,Hills,"Clarence Falls","Mariette Plaza","Port Janene",Ohio,58244
Kaye,Haley,"Ellena Trail","Numbers Harbor","South Jeromy",Mississippi,71727
Johnnie,Macejkovic,"Fritsch Hills","Tyson Forest","New Shoshanabury","Rhode Island",53672
Jarrett,Howell,"Grazyna Ridge","Suzi Light",Jacintastad,"New Hampshire",03843
Dewey,Jenkins,"Huels Landing","Raynor Isle","West Jolynn",Tennessee,65421
Monte,Corkery,"Lola Pass","Fisher Ferry",Dominickport,Massachusetts,42887
Breann,Gutkowski,"Jack Street","Jung Mountain",Johnettaborough,"West Virginia",27344
Malorie,Koss,"Tosha Knolls","Murazik Extensions",Sauerfort,"New York",64542
Branda,Halvorson,"Jakubowski Rue","Eliseo Key",Quintonbury,Missouri,26675
Donnie,Kuphal,"Ebert Freeway","Medhurst Creek","New Jesenia","New Jersey",65258
Beatris,Kuphal,"Garfield Junction","Parker Park",Jennettefurt,Nebraska,43428
Kam,Carroll,"Odell Crossing","Hyatt Harbors",Erniemouth,Michigan,95622
Orlando,Nienow,"Effertz Crossroad","Harber Locks","East Krista",Wyoming,24321
Keturah,Hettinger,"Marlin Plaza","Natosha Mall","South Joe","North Dakota",31386
Clement,Johnston,"Feest Stream","Nieves Ports","Lake Bev","New Jersey",43637
Marianela,Huel,"Nolan Park","Nichol Lights","East Margo","North Carolina",71731
Stephen,McKenzie,"Tillman Inlet","Pedro Street","New Helen",Nebraska,13517
Sheron,Konopelski,"Lebsack Trail","Grady Street",Josephmouth,Ohio,53278
Gemma,Considine,"Fae Lodge","Romana Hill","East Dessie",Indiana,76143
Terrence,Franecki,"Lynch Course","Jospeh Mews","East Gordon",Hawaii,94539
Jeramy,Kozey,"Romaguera Streets","Peggy Neck",Kurtberg,Michigan,52379
Oliver,Schaden,"Levi Groves","Bode Loaf",Morrischester,Mississippi,54651
Malissa,Nienow,"Ledner Plaza","Jude Port","West Mohammad","West Virginia",73451
Pura,Pacocha,"Milford Prairie","Chang Mills","New Malorieview",Kentucky,73364
Matha,Kohler,"Louvenia Unions","Margart Rapids","Lake Lyndon",Michigan,43722
Jackie,Cruickshank,"Echo Parks","Elvin Rest","New Ebonie",Pennsylvania,55482
Rashad,Langosh,"Duane Loaf","Gerhold Path",Dalilafurt,Ohio,26173
Leif,Hudson,"Dannie Manors","Salvador Via","East Marvis","South Dakota",33401
Cedric,Haley,"Cynthia Ridges","Nikolaus Skyway",Erasmochester,Oklahoma,78421
Julieta,Hackett,"Mayer Plains","Haley Crest",Karlynfurt,Pennsylvania,22324
Mao,Stokes,"Funk Dale","Jenelle Expressway",Krajcikview,Nebraska,58254
Layne,Hartmann,"Ike Knolls","Prosacco Gardens",Lynnhaven,Vermont,75622
Raye,Sporer,"Hershel Knoll","Lindgren Greens",Kareemmouth,Oklahoma,36345
Classie,Feeney,"Rufus Spurs","Koch Pine",Erickborough,"North Dakota",21167
Kendall,Hermann,"Lebsack Prairie","Elinore Forges","South Ivaview",Nebraska,42633
Jay,Jacobson,"Kuhn Ford","Ryan Pine",Kristenmouth,"South Dakota",54231
Connie,Maggio,"Olen Crest","Francie Parkways","Lake Fairy",Montana,54241
Glayds,Mayer,"Judson Rapid","Rogahn Landing",Leuschkefort,Utah,22415
Luci,Hansen,"Kristofer Neck","Reinaldo Extension","South Luetta",Louisiana,83322
Kisha,Medhurst,"Kutch Mews","Feeney Locks","West Deangelo","New Mexico",55238
Roland,Keeling,"Jakubowski Plaza","Gibson Rapids",Ortizview,"North Dakota",74741
Lashon,Effertz,"Lyman Fall","Doloris Crest","West Chong",Maine,64562
Fredrick,Hickle,"Jerrold Run","Brad Point","East Glenna",Vermont,65882
Krystyna,Roob,"Brown Glens","Feest Prairie","West Jonahburgh","New York",62633
Clementine,Konopelski,"Hagenes Inlet","Josef Crossroad","Port Deedra",Nebraska,36540
Larita,Feest,"Fredrick Mountain","Murphy Lakes","New Otelia","New Hampshire",55395
Pierre,Schmidt,"O'Conner Mountain","Lane Roads",Jeffereyburgh,Iowa,65518
Elbert,Stroman,"Santos Ports","Lehner Pike","New Lucas",Virginia,34542
Cory,Jaskolski,"Keebler Motorway","Christiansen Ranch",Roobbury,Georgia,76786
Miguelina,Rowe,"Legros Lakes","Lueilwitz Route","South Marileechester",Michigan,43343
Maia,Kuhn,"Darell Knoll","Parker Park","East Greg",Montana,46287
Kandace,Kemmer,"Minda Gardens","Teodoro Inlet",Matthewberg,Oregon,62264
Rodolfo,Hahn,"Rosenbaum Squares","Kurtis Drive",Dickmouth,Maryland,52777
Dallas,Schulist,"Bruno Gateway","Lindgren Valley","New Shelia",Kentucky,75445
Marianna,Mills,"Pouros Ports","Marquardt Mount","New Margarita","North Carolina",27553
Christian,Koch,"Maggie Row","Leda Shores",Paulinefort,Massachusetts,14616
Reuben,Langworth,"Queen Junction","Kiehn Squares",Kirlinmouth,Michigan,66834
Janette,Spencer,"Dulce Greens","Labadie Corner",Sangberg,"New Jersey",36865
Preston,Schmidt,"Hickle Gateway","Konopelski Run",Mechelleton,Arizona,41135
Shane,Rice,"Kautzer Island","Reilly Path",Grantville,Colorado,25852
Janet,Howell,"Joaquina Mill","Johnny Shoals",Jacksonview,Maryland,22874
Samatha,Hackett,"Murphy Ports","Johnson Inlet",Kristlestad,Nebraska,12138
Georgiana,Stracke,"Marcelo Islands","Georgie Gateway",Ignaciomouth,Massachusetts,34425
Juan,Jakubowski,"McLaughlin Station","O'Conner Lock",Muellerport,Nebraska,54926
Lecia,Herman,"Schmitt Shoal","Janice Rapid",Eduardomouth,Arkansas,53427
Lavern,Lueilwitz,"Kautzer Motorway","Koch Ridges",Jacindaberg,Maryland,75458
Bert,Schmeler,"Linette Throughway","Malika Stravenue",Marleneberg,"Rhode Island",22738
Miriam,Kreiger,"Powlowski Plains","Jordon Meadows","East Jere",Illinois,54313
Mozelle,Treutel,"Rosalind Harbor","Emile Green",Grahamborough,Iowa,64625
Golden,McKenzie,"Brynn Crossing","MacGyver Grove","Lake Dreama",Florida,53562
Jason,Fadel,"Carleen Key","Lindsay Gardens","West Mattmouth",Maine,52522
Gudrun,Marquardt,"Darin Junction","Matthew Passage",Linettemouth,Missouri,36268
Brittany,Cassin,"Lanita Haven","Mana Point",Cordellstad,"New Hampshire",81114
Kathryne,Schoen,"McLaughlin Club","Greenholt Garden",Elbertview,Maine,64456
Stacey,Haley,"Mosciski Passage","Schuppe Ramp",Crististad,Hawaii,97663
Rachell,Koepp,"Everett Rue","Jerry Greens",Shinburgh,Delaware,27621
Karry,Lynch,"Hoeger Radial","Murazik Ranch",Dickensstad,Florida,36334
Derrick,Gulgowski,"Kassulke Groves","McGlynn Lodge",Feilville,"North Carolina",64745
Rebecka,Douglas,"Gulgowski Locks","Elias Shoal","Port Chanelle","New Jersey",26314
Leigha,Glover,"Hauck Ranch","Hahn Shoals",Robtborough,Mississippi,54353
Lorelei,Koepp,"Grimes Island","Jenna Course",Gaylemouth,"New Mexico",77667
Catherina,Predovic,"Breitenberg Shoals","McCullough Landing","New Gerald",Louisiana,45553
Sam,Kovacek,"Larry Forks","Lean Grove",Conroystad,Maryland,26132
Eloy,Goodwin,"Lemke Route","Guadalupe Rue",McLaughlinview,"North Dakota",42726
Scarlett,Barton,"Bergnaum Mews","Sharyl Forks","Port Julietfort",Louisiana,54477
Catherine,Dickinson,"Labadie Lodge","Roob Motorway",Larkinport,"North Carolina",15833
Gilberte,Hill,"Ben Mountains","Kristeen Ports",Isaiahstad,Montana,65124
Moriah,Stoltenberg,"Lea Ports","Jorge Glen","New Roman",Mississippi,46566
Iona,Strosin,"Dooley Ramp","Jayson Pike","Lake Regan",Texas,37756
Nathan,Mann,"Purdy Keys","Florencio Heights","New Fletcherview",Kansas,56423
Herma,Shanahan,"Nikki Plains","Houston Track",Roscoeburgh,Idaho,44857
Lisandra,Nolan,"Sanford Neck","Leif Prairie","East Kiesha",Nevada,71345
Aron,Hodkiewicz,"McLaughlin Skyway","Hudson Inlet",Monteview,Oklahoma,14346
Meta,Harris,"Leesa Plaza","Moshe Street","New Erik",Texas,42435
Joella,Lynch,"Gibson Coves","Gale Pine","West Dalton",Maryland,45570
Ezequiel,Stokes,"Kihn Greens","Kina Harbors",Donaldborough,Georgia,24315
Granville,Schmidt,"Jacquelin Highway","Gene Canyon",Othaburgh,Mississippi,86466
Jeannine,Huels,"Prohaska Mountain","Lindgren Plain","Lake Irwin",Kansas,85766
Hannah,Konopelski,"Cyrus Meadows","Logan Forge",Masonchester,"New York",33363
Maybell,Rempel,"Edna Plain","Shanna Knoll",Millystad,Delaware,64577
Shalon,Kessler,"Katina Mountain","Lavon Mall",Mattiefurt,Maryland,23538
Lorilee,Mertz,"Homenick Course","Mohamed Key",Medhurstborough,Michigan,25687
Edmundo,Nikolaus,"Kulas Cliffs","Ritchie Curve",Hageneshaven,Mississippi,04156
Loma,Hand,"Elmer Rapid","Kraig Junctions","Port Loris","New Hampshire",37741
